product_id,product_name,category,price,cost,supplier,launch_date
1,Fundamental multimedia implementation Ground,Automotive,78.73,35.83,"Lee, Smith and Curtis",2024-05-03
2,Persevering encompassing customer loyalty Agent,Clothing,41.82,16.56,Andrews-Jones,2025-06-13
3,Open-architected coherent adapter Idea,Automotive,31.13,13.98,Adams-Terry,2024-10-10
4,Progressive asymmetric function Require,Automotive,35.89,12.36,Soto-Andrade,2023-10-21
5,Synergistic next generation productivity Fire,Books,63.56,43.76,Doyle-Reilly,2024-10-05
6,Re-contextualized reciprocal product Candidate,Automotive,47.49,25.15,"Bennett, Cooper and Jenkins",2024-02-11
7,Reverse-engineered motivating standardization Leg,Automotive,31.61,11.1,Garcia Inc,2024-05-10
8,Digitized actuating conglomeration Threat,Automotive,47.22,20.83,"Taylor, Perez and Hester",2023-09-16
9,Reverse-engineered multimedia artificial intelligence At,Beauty,8.45,4.38,"Mata, Holt and Martinez",2024-12-26
10,Expanded 24/7 task-force Above,Home & Garden,6.04,3.1,Peterson-Cooper,2023-09-22
11,Programmable encompassing encoding Win,Electronics,22.78,7.16,"Griffith, Thompson and Vang",2024-01-08
12,Stand-alone didactic paradigm Call,Toys,21.22,14.44,Donovan and Sons,2023-12-08
13,Implemented attitude-oriented paradigm Season,Automotive,13.0,5.33,Spence-Anderson,2024-10-26
14,Reactive bifurcated system engine Bag,Automotive,38.89,11.92,Davis-Esparza,2024-08-19
15,Total scalable intranet Perhaps,Sports,4.53,1.5,Perez-Robinson,2025-03-19
16,Open-source dynamic core Against,Toys,13.09,6.96,"Lee, Lloyd and Blanchard",2024-03-12
17,Self-enabling global ability Look,Beauty,13.63,4.84,Moon-Shepherd,2023-08-27
18,Versatile even-keeled orchestration Group,Clothing,5.42,1.72,"Oliver, Sims and Moore",2025-01-20
19,Business-focused executive forecast Edge,Electronics,66.41,30.01,Jones LLC,2024-10-03
20,Down-sized leadingedge attitude That,Toys,6.77,3.72,Benjamin PLC,2024-11-19
21,Reverse-engineered composite orchestration Open,Clothing,12.55,4.33,Ramos Inc,2024-09-02
22,Streamlined 24hour circuit Seat,Books,41.53,17.66,"Velazquez, Lane and Swanson",2024-06-01
23,Programmable even-keeled projection Everything,Sports,33.68,15.73,Cain-Patterson,2024-12-31
24,Virtual bifurcated utilization Step,Sports,8.28,3.01,Martinez-Walters,2024-08-31
25,Open-source background service-desk Huge,Books,34.67,17.42,"Hale, Wilson and Mejia",2025-02-14
26,Reverse-engineered didactic software Issue,Clothing,25.33,8.46,Mora-Conley,2024-09-22
27,Enhanced encompassing approach Nature,Toys,129.86,41.37,Jones Inc,2025-03-01
28,User-centric multi-tasking throughput Give,Electronics,27.75,14.1,Salazar Inc,2024-03-07
29,Customizable solution-oriented projection Later,Clothing,17.94,7.16,Sosa LLC,2025-06-23
30,Focused clear-thinking encoding Move,Electronics,10.12,3.42,Johnson-Hoover,2023-12-01
31,Customer-focused dedicated matrix Address,Beauty,11.07,5.2,Wong Inc,2025-07-28
32,User-centric foreground matrices Seem,Automotive,10.37,6.91,Richards-Clayton,2024-02-11
33,Synchronized explicit archive Always,Books,60.15,35.47,Nichols-Morales,2024-05-13
34,Fully-configurable methodical installation Within,Home & Garden,20.38,12.76,Davis-Gonzalez,2023-10-19
35,Diverse context-sensitive instruction set Tonight,Electronics,31.57,20.48,"Howard, Kennedy and Chen",2024-12-17
36,Upgradable full-range policy Executive,Sports,67.45,46.48,Stevens Ltd,2024-10-26
37,Decentralized transitional Graphic Interface Career,Automotive,3.04,1.84,"Hall, Berry and White",2025-08-14
38,Multi-lateral national database New,Beauty,55.87,30.36,"Smith, Peterson and Lewis",2025-01-22
39,Monitored attitude-oriented website Lawyer,Sports,21.0,9.37,Adams-Stephens,2023-09-16
40,Focused foreground methodology Nation,Beauty,28.45,10.6,Vasquez Group,2025-02-17
41,Compatible bottom-line installation Fear,Sports,10.35,5.95,"Montoya, Page and Kelly",2025-05-26
42,Vision-oriented even-keeled structure Leader,Clothing,10.98,7.66,Bauer-Edwards,2023-12-20
43,Open-source motivating focus group Sure,Toys,29.7,14.46,Armstrong PLC,2025-05-03
44,Polarized bi-directional core Conference,Clothing,135.32,79.77,Spencer Inc,2024-07-19
45,Synergized regional approach Structure,Clothing,44.82,22.32,Henderson-Farmer,2024-04-15
46,Cross-platform zero-defect approach Very,Toys,55.28,26.13,Russo LLC,2024-01-05
47,Enhanced real-time projection Blood,Beauty,17.23,8.0,Sutton-Green,2023-11-11
48,Mandatory multi-state throughput Town,Beauty,12.43,6.24,Perkins-Becker,2024-12-23
49,Synergistic global software Camera,Toys,10.75,4.8,Avery Group,2024-04-08
50,Cross-platform neutral hub Never,Sports,13.59,8.15,Acosta LLC,2024-11-14
51,Configurable bottom-line application Between,Electronics,3.89,2.53,"Drake, Stephens and Fry",2023-12-04
52,Horizontal human-resource analyzer Catch,Beauty,11.25,7.35,"Moore, Martin and Day",2025-06-25
53,Ergonomic zero administration synergy Hospital,Sports,12.83,5.02,Shelton-Walters,2024-10-04
54,Fully-configurable global productivity Stock,Electronics,17.46,11.5,Ramirez-Mccormick,2025-02-18
55,Reverse-engineered hybrid migration Commercial,Toys,22.32,9.75,"Hogan, Herrera and Fox",2024-09-17
56,Profound optimizing access Bill,Clothing,26.84,11.37,"Foster, Harvey and Wiggins",2024-04-04
57,Future-proofed actuating monitoring Build,Beauty,19.85,11.73,Turner-Murphy,2023-10-13
58,Devolved system-worthy encryption Great,Home & Garden,12.61,5.32,"Baker, Wilson and Richardson",2024-06-14
59,Optimized discrete workforce Beat,Clothing,4.18,1.34,Oliver PLC,2025-02-28
60,Open-architected modular implementation Indicate,Books,12.68,5.7,Scott Group,2024-02-14
61,Business-focused client-server knowledge user Beyond,Electronics,9.23,5.43,"Brown, Brown and Harris",2025-08-17
62,Object-based next generation paradigm Couple,Home & Garden,29.16,12.56,"Miller, Young and Nichols",2025-07-10
63,Persistent multi-tasking productivity One,Clothing,41.57,22.94,Powell-Campbell,2025-02-19
64,Realigned even-keeled Local Area Network Music,Automotive,42.56,24.01,Wilson-Miranda,2024-03-21
65,Visionary systemic utilization Machine,Beauty,36.8,21.84,Quinn LLC,2025-06-27
66,Cross-group needs-based archive Too,Home & Garden,18.05,11.89,Baker-Singh,2024-03-26
67,Seamless dedicated monitoring Drug,Sports,13.23,6.26,"Knapp, Kemp and Ramsey",2024-09-02
68,Integrated modular secured line Water,Electronics,11.05,4.05,Huff Group,2024-08-15
69,Organic value-added analyzer Happen,Books,6.01,2.57,Combs Inc,2025-01-03
70,Cross-group 24/7 project Television,Sports,44.41,21.0,Bauer-Alexander,2024-11-19
71,Virtual user-facing structure Especially,Automotive,17.47,10.23,"Robinson, Acevedo and Estes",2025-08-09
72,Phased discrete ability Product,Home & Garden,7.41,2.26,Hoffman-Allen,2024-01-10
73,Realigned 4thgeneration contingency Nation,Clothing,10.37,4.42,"Carr, Lewis and Ross",2024-08-28
74,Down-sized bandwidth-monitored data-warehouse Build,Electronics,10.04,6.14,Martin-Klein,2024-12-29
75,Triple-buffered attitude-oriented standardization Fire,Beauty,20.79,11.82,Schmitt-Gould,2024-12-12
76,Profound context-sensitive function Professional,Books,47.18,27.96,"Wilson, Greene and Hodges",2024-07-06
77,Cross-group user-facing framework Sing,Clothing,15.2,9.5,"Perkins, Lee and Cantu",2024-12-05
78,Focused 3rdgeneration focus group Soon,Books,3.31,2.03,"Donovan, Elliott and Miller",2025-04-20
79,Implemented fault-tolerant implementation Our,Beauty,17.26,9.89,"Clark, Hull and Flores",2025-05-30
80,Persistent national product Per,Toys,17.73,8.44,Young-Mason,2025-05-10
81,Implemented client-server utilization Generation,Electronics,16.78,11.64,"Little, Morris and Smith",2025-03-17
82,Re-contextualized incremental definition First,Home & Garden,12.16,6.42,Myers Inc,2025-06-09
83,Reduced web-enabled adapter Soon,Books,23.9,9.11,Davis-Miller,2024-01-19
84,Ameliorated background parallelism Live,Electronics,21.18,8.83,Anderson-Costa,2024-12-09
85,Operative multi-tasking success Show,Books,19.69,11.37,Foster-Baird,2025-01-20
86,Robust directional encryption Factor,Clothing,27.94,18.72,Martin-Harrison,2025-06-14
87,Multi-lateral 24hour approach Evening,Books,14.24,5.29,"Molina, Howe and Leonard",2025-05-15
88,Customer-focused regional hierarchy Behind,Toys,13.61,4.53,"Thompson, Hall and Wagner",2023-12-13
89,Synchronized background customer loyalty Professional,Clothing,60.59,39.54,Mullen LLC,2023-08-22
90,Balanced didactic algorithm Level,Clothing,31.42,20.93,Wiggins-Ortiz,2024-05-12
91,Vision-oriented human-resource info-mediaries Avoid,Electronics,38.92,15.98,Miller-Singleton,2024-05-30
92,Polarized 24hour info-mediaries Scientist,Sports,53.56,24.15,Watkins-Chavez,2025-05-22
93,Customer-focused human-resource software Several,Beauty,30.59,17.26,Santos Inc,2023-10-19
94,Open-architected next generation superstructure Executive,Books,42.21,18.23,Green-Brady,2025-05-28
95,Open-source fault-tolerant utilization Road,Home & Garden,5.68,3.7,Stephens LLC,2025-04-30
96,Public-key systematic challenge Style,Automotive,23.65,8.11,Campbell-Marsh,2024-05-28
97,Stand-alone 4thgeneration policy Nearly,Clothing,17.35,5.47,Martinez and Sons,2025-03-15
98,Pre-emptive clear-thinking moderator For,Sports,76.87,29.47,Jones PLC,2025-01-03
99,Visionary multi-state archive Music,Clothing,42.19,17.49,"Marsh, Holland and Shaw",2024-08-13
100,Customer-focused national info-mediaries Painting,Sports,12.13,4.19,"Garcia, Miller and Stanton",2023-08-22
101,Object-based real-time challenge Draw,Sports,27.06,8.83,Liu-Sanchez,2025-04-22
102,Vision-oriented even-keeled extranet Watch,Home & Garden,22.97,13.83,"Berry, Williamson and Young",2024-02-28
103,Function-based analyzing Graphic Interface Hope,Sports,28.89,10.57,"Miles, Valdez and Lopez",2025-05-10
104,Organic client-server function Moment,Home & Garden,8.89,5.92,"Williams, Love and Livingston",2024-05-19
105,Versatile maximized concept Beautiful,Electronics,26.79,11.98,Pacheco Group,2025-06-21
106,Face-to-face zero-defect orchestration It,Clothing,16.73,9.51,Sexton-Vargas,2025-02-24
107,Exclusive solution-oriented initiative Claim,Home & Garden,25.18,9.82,Wilkins Ltd,2024-01-11
108,Assimilated tertiary paradigm Bad,Beauty,11.25,4.46,Harrell-Harris,2025-03-12
109,Open-source 24hour protocol Explain,Toys,12.58,6.67,"Moore, Martin and Zimmerman",2025-03-14
110,Reduced systematic frame Break,Clothing,51.37,26.93,Roberts-Sutton,2024-02-13
111,Polarized user-facing standardization Coach,Toys,8.66,5.26,Wade PLC,2023-08-26
112,Ergonomic asymmetric process improvement Air,Beauty,9.19,5.54,"Castillo, Walker and Vazquez",2024-03-29
113,Cloned leadingedge approach Say,Books,19.27,10.95,Carpenter-Ortiz,2024-02-04
114,Networked interactive moderator Will,Beauty,10.83,5.19,Wade-Harper,2024-02-28
115,Multi-tiered dynamic intranet Center,Electronics,9.89,6.49,"Smith, Wilson and Davis",2024-12-14
116,Cross-platform tangible moratorium Student,Books,21.85,12.0,Cook-Lopez,2024-03-16
117,Multi-lateral zero tolerance open architecture Parent,Books,6.03,4.2,Martin and Sons,2024-10-22
118,Extended grid-enabled migration Yeah,Sports,8.97,5.63,Cohen-Gonzalez,2023-11-12
119,Function-based upward-trending success Win,Beauty,103.88,33.01,"Green, Jordan and Walker",2024-05-24
120,Versatile solution-oriented application Surface,Automotive,29.01,12.42,Simmons Ltd,2025-07-20
121,Integrated mission-critical analyzer Start,Sports,11.05,5.84,Sexton-Evans,2024-10-31
122,Multi-lateral system-worthy knowledgebase Behavior,Beauty,28.07,16.52,Clark Inc,2024-10-27
123,Diverse intangible functionalities Important,Books,31.62,16.45,Robertson-White,2025-07-30
124,Monitored human-resource solution Fall,Automotive,44.5,27.34,Harvey LLC,2024-09-18
125,Cross-platform systemic interface Four,Sports,18.14,7.49,Farley-Fischer,2025-05-23
126,Object-based human-resource instruction set Lot,Toys,43.87,16.39,White-Preston,2023-12-07
127,Cross-platform full-range knowledgebase Spring,Clothing,3.93,1.26,Brooks-Hooper,2025-02-04
128,Customizable attitude-oriented capability Challenge,Automotive,8.63,4.57,Garcia Ltd,2024-06-15
129,Automated modular adapter Book,Beauty,22.9,13.18,"Banks, Maxwell and Eaton",2024-09-22
130,Programmable system-worthy protocol Affect,Beauty,26.15,11.26,Suarez-Bell,2024-08-17
131,Team-oriented global product New,Sports,9.68,5.28,Moore PLC,2024-04-01
132,Visionary non-volatile core Southern,Beauty,24.72,7.93,Lindsey-Smith,2024-03-31
133,Multi-layered non-volatile interface Military,Books,12.19,4.14,"Velasquez, Acosta and Brown",2024-02-05
134,Self-enabling optimizing workforce Cultural,Sports,16.09,9.34,Hernandez PLC,2024-02-19
135,Open-source contextually-based hierarchy Set,Sports,45.6,20.39,"Campbell, Lane and Gonzalez",2025-01-21
136,Mandatory client-driven hardware Magazine,Automotive,41.56,23.63,"Hernandez, Daniel and Patel",2024-09-03
137,Operative attitude-oriented hardware Ahead,Home & Garden,9.05,5.73,"Simon, Joseph and Walter",2025-07-22
138,Universal transitional encoding Cup,Toys,8.62,5.53,"Lane, Smith and Johnson",2024-01-25
139,Monitored real-time website Production,Toys,14.46,5.33,"Gregory, Shepard and Small",2023-11-12
140,Profound secondary firmware North,Home & Garden,19.66,9.72,"White, Cooper and Friedman",2024-03-09
141,Business-focused multi-state instruction set Attorney,Automotive,11.87,7.05,"Gonzalez, Edwards and Keller",2024-12-19
142,Profit-focused intermediate service-desk Soon,Books,46.18,28.15,"Forbes, Garcia and Scott",2025-08-05
143,Synchronized system-worthy productivity Name,Clothing,26.52,16.28,Reynolds and Sons,2023-08-26
144,User-centric content-based system engine Action,Beauty,27.8,10.88,"Wallace, Stevens and Martin",2023-12-06
145,Function-based demand-driven focus group Check,Automotive,7.29,2.75,Thornton-Kemp,2024-12-03
146,Diverse optimizing portal Two,Electronics,51.1,27.39,Golden Ltd,2023-09-03
147,Synchronized modular moratorium Hour,Beauty,2.1,1.25,"Dickerson, Brown and Santos",2024-02-10
148,Extended clear-thinking capability Rock,Electronics,39.14,16.74,Lara-Smith,2023-09-02
149,Team-oriented 24hour architecture Seem,Automotive,42.41,14.5,Hudson-Forbes,2023-09-26
150,Front-line directional paradigm Off,Toys,14.21,8.34,"Browning, Wells and Hoffman",2024-10-14
151,Re-contextualized didactic access Other,Books,55.61,23.35,Williams LLC,2023-11-08
152,Advanced even-keeled ability Anyone,Clothing,19.1,7.0,"Wood, Garcia and Bailey",2025-04-23
153,Fully-configurable mobile instruction set Guy,Clothing,21.11,7.58,"Johnson, Howard and Baker",2025-02-01
154,Reactive fault-tolerant support Wide,Clothing,26.35,11.22,Hawkins-West,2025-04-27
155,Switchable non-volatile protocol There,Home & Garden,257.05,138.05,Schultz-Parker,2023-08-23
156,Ameliorated bi-directional framework And,Books,58.88,26.11,Porter-Garcia,2024-02-06
157,Mandatory intermediate groupware Simply,Electronics,35.2,10.85,Frazier PLC,2024-12-01
158,Adaptive client-server help-desk Listen,Clothing,9.68,3.28,Freeman-Ray,2023-10-27
159,Reactive mobile alliance Remember,Books,22.53,9.38,Boone-Jones,2023-10-11
160,User-centric radical analyzer Popular,Beauty,10.48,5.91,"Pugh, Bishop and Greer",2023-11-16
161,Inverse reciprocal approach Character,Electronics,38.77,13.16,Vargas Ltd,2024-12-29
162,Synergized maximized support Play,Toys,22.47,11.78,Bryant PLC,2024-04-06
163,Re-contextualized 24hour flexibility Include,Home & Garden,8.17,2.84,Fuller Group,2023-08-27
164,Ergonomic hybrid portal Town,Sports,21.43,8.24,"Mills, Craig and Parker",2024-09-02
165,Cloned zero-defect policy Source,Automotive,10.18,3.76,Bradford-Norris,2024-05-11
166,Re-engineered bifurcated model Southern,Automotive,22.67,7.41,Smith PLC,2024-06-03
167,Ergonomic zero administration model Kitchen,Electronics,10.1,5.74,"Levine, Perkins and Ruiz",2024-11-03
168,Future-proofed multi-tasking system engine Now,Toys,20.53,9.96,"Carlson, Torres and Mckee",2024-08-15
169,Ergonomic homogeneous challenge Issue,Toys,36.61,23.15,"Mcknight, Ray and Wang",2024-10-08
170,Reverse-engineered intangible artificial intelligence Itself,Toys,19.25,6.54,"Turner, Mcdonald and Blackburn",2025-04-24
171,Total content-based info-mediaries Light,Beauty,14.69,5.26,Henry-Wilkinson,2024-07-22
172,Synchronized methodical architecture Lose,Electronics,23.63,9.99,Garcia-Rogers,2023-12-26
173,Triple-buffered logistical functionalities Crime,Electronics,35.08,21.27,Ramirez-Russell,2023-10-12
174,Right-sized incremental structure Wind,Sports,8.28,3.5,Hines-Alexander,2025-06-09
175,Synergized object-oriented strategy Firm,Clothing,24.74,11.46,Wilcox-Harris,2024-07-06
176,Synergistic zero tolerance contingency Risk,Beauty,57.63,24.24,Garcia-Phillips,2025-07-21
177,Networked regional attitude Help,Toys,31.78,10.55,Jones-Lucero,2024-01-31
178,Future-proofed tertiary moratorium Project,Sports,21.04,14.22,Davis Group,2024-03-01
179,Seamless maximized moratorium Off,Electronics,33.51,17.41,"Wood, Cochran and Ewing",2024-09-13
180,Upgradable background secured line Provide,Beauty,28.85,17.75,Collins Group,2024-04-11
181,Fundamental bandwidth-monitored solution Certainly,Home & Garden,36.7,20.67,Jordan Group,2025-03-14
182,Fundamental fresh-thinking complexity Stuff,Electronics,3.98,2.01,Henry-Martin,2025-03-11
183,Organic web-enabled leverage Also,Home & Garden,5.8,1.95,Little-Nelson,2024-03-28
184,Multi-lateral 5thgeneration utilization None,Books,44.87,25.0,"Harris, Nguyen and Smith",2024-02-15
185,Phased global Graphical User Interface Amount,Home & Garden,6.02,2.18,Johnson Ltd,2025-08-16
186,Inverse intermediate complexity Evidence,Electronics,27.69,12.9,"Mills, Steele and Glover",2023-10-03
187,Implemented national artificial intelligence Of,Sports,15.16,8.36,"Estrada, Jones and Jones",2024-05-03
188,User-friendly value-added success Not,Electronics,9.05,5.55,Davis and Sons,2024-01-30
189,Public-key stable info-mediaries Letter,Electronics,26.57,15.25,Drake Ltd,2024-04-07
190,Programmable optimizing structure Hold,Books,23.59,13.41,Burnett-Mcdonald,2025-08-06
191,Assimilated bandwidth-monitored definition Very,Toys,108.67,39.08,"Castro, Carney and Parks",2024-03-07
192,Re-engineered bifurcated orchestration Deep,Clothing,12.18,5.34,"Graham, Mcknight and Kane",2025-08-10
193,Progressive maximized approach Left,Electronics,63.57,20.16,Mercado-Lopez,2025-03-24
194,Grass-roots transitional artificial intelligence Fire,Books,26.63,15.65,"Brown, Stevenson and Thompson",2024-12-22
195,Down-sized 3rdgeneration attitude Effect,Sports,11.84,8.06,Lara-Ryan,2025-07-19
196,Grass-roots regional protocol Strategy,Books,38.07,15.44,Foley-Woods,2024-08-23
197,Public-key fault-tolerant data-warehouse Old,Automotive,31.58,10.58,Hicks Inc,2024-05-05
198,User-friendly context-sensitive moratorium Record,Books,20.67,10.13,"Jimenez, Richards and Murray",2025-07-11
199,Virtual asynchronous function Adult,Home & Garden,24.85,15.97,"Buchanan, West and Oconnor",2024-05-19
200,Implemented human-resource conglomeration Forget,Clothing,12.46,6.49,Benson-Martin,2023-09-03
201,Phased national Internet solution Right,Clothing,10.37,3.31,White-Collins,2025-04-24
202,Upgradable dedicated utilization Help,Beauty,36.88,25.44,Brown-Jackson,2024-09-20
203,Organic web-enabled contingency Dinner,Toys,16.79,10.6,"Humphrey, Soto and Colon",2023-12-10
204,Open-source stable complexity Meet,Sports,18.84,6.64,"Carter, Sullivan and Obrien",2025-07-13
205,Focused discrete application More,Beauty,25.12,16.8,Weeks Inc,2024-02-12
206,Switchable object-oriented access Effort,Toys,24.83,11.93,Hampton-Thompson,2024-10-21
207,Integrated foreground time-frame Fine,Toys,6.4,2.87,Hernandez-Bowers,2023-12-09
208,Integrated hybrid projection Month,Books,56.2,27.22,Haynes Ltd,2024-10-01
209,Horizontal dynamic task-force Could,Sports,22.13,14.03,"Wong, Bray and Hicks",2024-12-23
210,Cloned value-added analyzer Tree,Toys,17.08,9.63,Mcmahon-Allen,2024-10-05
211,Right-sized fresh-thinking frame Plant,Sports,28.35,9.18,Fischer-Hill,2024-10-24
212,Networked next generation instruction set Blue,Clothing,24.27,16.58,Perkins LLC,2023-11-01
213,Pre-emptive logistical website Serious,Clothing,37.1,13.32,Dunn PLC,2025-08-04
214,Synchronized content-based approach Station,Clothing,30.89,18.48,"Smith, Harris and Palmer",2024-06-19
215,Phased non-volatile ability Page,Electronics,35.67,19.78,Price-Vincent,2023-10-19
216,Secured asynchronous solution Truth,Books,59.19,22.2,"Williams, Taylor and Turner",2024-02-14
217,Up-sized object-oriented pricing structure Put,Automotive,40.73,15.0,Mahoney and Sons,2024-08-07
218,Sharable solution-oriented utilization Threat,Sports,17.67,11.45,Holmes-Barnes,2025-01-06
219,Profit-focused even-keeled infrastructure Like,Books,8.18,3.83,Hopkins PLC,2023-10-23
220,Operative asymmetric Local Area Network After,Toys,76.27,42.85,"Odonnell, Williamson and Phillips",2024-11-11
221,Right-sized object-oriented hub Buy,Sports,16.61,8.33,"Hutchinson, Keith and Aguirre",2025-07-05
222,Cross-group web-enabled analyzer Dinner,Sports,13.76,8.13,Greene-Baker,2024-04-28
223,Universal grid-enabled initiative Shoulder,Beauty,5.01,2.46,Nguyen-Reed,2025-01-30
224,Diverse foreground matrices Room,Sports,26.33,10.93,Schultz-Jackson,2024-09-21
225,Object-based client-driven architecture Art,Sports,22.63,10.08,"Smith, Malone and Smith",2024-10-06
226,Up-sized responsive policy Along,Home & Garden,5.98,3.85,"Townsend, Shields and Wright",2025-06-13
227,Digitized multi-tasking algorithm Half,Automotive,28.86,14.06,"Thomas, Rubio and Smith",2025-04-09
228,Persevering well-modulated parallelism Scientist,Home & Garden,13.48,5.19,"Fields, Wheeler and Herrera",2023-09-09
229,Mandatory holistic adapter Agent,Beauty,172.82,116.45,Little-Cross,2024-09-02
230,Centralized well-modulated extranet Finish,Electronics,12.74,7.88,"Taylor, Adams and Edwards",2024-02-09
231,Grass-roots asynchronous hardware Last,Clothing,14.18,4.57,Harris-Lynch,2025-04-23
232,Visionary homogeneous software Economy,Toys,9.98,6.98,White and Sons,2025-05-23
233,Balanced holistic superstructure List,Toys,55.83,32.27,Anderson PLC,2025-05-14
234,Diverse modular hub Leader,Automotive,14.91,5.43,Ross Inc,2023-12-07
235,Distributed contextually-based adapter Common,Sports,11.25,4.44,Norton LLC,2025-07-24
236,Customizable local functionalities Now,Books,35.36,20.4,"Fuentes, Ayala and Stein",2024-08-28
237,Re-contextualized context-sensitive open architecture Difference,Toys,6.66,4.08,"Kemp, Perez and Simpson",2023-11-20
238,Re-contextualized tangible adapter Full,Home & Garden,33.12,13.1,Torres and Sons,2024-04-12
239,Ergonomic logistical algorithm Buy,Clothing,83.52,33.64,Jones-Hammond,2024-06-08
240,User-friendly discrete project Mean,Electronics,31.6,13.36,Atkinson-Black,2024-02-07
241,Triple-buffered hybrid standardization Sit,Clothing,33.46,18.04,"Warren, Newman and Miller",2024-05-14
242,Assimilated static knowledgebase Crime,Sports,40.29,14.86,"Silva, Larson and Weaver",2024-05-10
243,Adaptive static data-warehouse Claim,Automotive,78.87,26.95,"Jackson, Santiago and Lewis",2024-04-02
244,Upgradable even-keeled model Political,Clothing,52.87,30.22,Martinez PLC,2023-12-06
245,Ergonomic zero-defect circuit Dream,Sports,28.55,17.46,"Turner, Webster and Downs",2024-10-05
246,Stand-alone maximized matrices Whom,Beauty,41.39,20.71,Guzman PLC,2024-04-11
247,Multi-lateral intangible matrix Maybe,Home & Garden,9.89,4.41,Miller-Romero,2024-07-20
248,Seamless encompassing implementation Important,Home & Garden,37.38,17.67,Miranda Group,2025-05-11
249,Quality-focused fresh-thinking database Then,Sports,8.98,4.09,Thomas Inc,2024-09-24
250,Enterprise-wide even-keeled budgetary management Sound,Books,14.97,10.24,Day Group,2025-05-13
251,Implemented motivating forecast Clearly,Home & Garden,1.71,1.04,"Stewart, Landry and Foley",2024-07-04
252,Operative solution-oriented open architecture Pm,Automotive,27.69,10.61,Maxwell LLC,2024-01-31
253,Profound neutral superstructure Also,Books,12.0,5.44,"Howard, Turner and Griffin",2025-03-31
254,Pre-emptive leadingedge help-desk Maybe,Sports,48.86,25.29,Woods Ltd,2025-07-26
255,Sharable executive Internet solution Student,Beauty,27.44,14.96,Marks PLC,2024-12-20
256,Monitored multi-tasking Graphical User Interface Require,Sports,49.37,24.06,"Hull, Walsh and Ritter",2025-02-22
257,User-friendly leadingedge neural-net Hot,Beauty,8.44,5.27,Barton-Martin,2025-07-23
258,Object-based exuding hierarchy Begin,Toys,46.1,27.98,Sandoval PLC,2025-04-11
259,Vision-oriented tangible paradigm Country,Home & Garden,108.28,54.36,"Dalton, Gonzalez and Robinson",2025-05-21
260,Grass-roots client-driven knowledge user Out,Automotive,37.02,23.76,Robertson-Shaffer,2024-10-12
261,Front-line empowering info-mediaries Nothing,Books,37.8,22.7,"Williams, Lewis and Good",2024-07-27
262,Synergized clear-thinking projection Practice,Automotive,23.0,14.06,Bradford-Thomas,2024-01-02
263,Synchronized next generation hierarchy Benefit,Sports,13.2,9.01,Walton Inc,2023-09-27
264,Open-architected grid-enabled circuit Cover,Toys,36.93,15.02,Hopkins-Rivas,2024-01-27
265,Synchronized multi-state matrix Value,Home & Garden,6.02,2.45,"Wright, Fowler and Gibson",2025-06-20
266,Expanded fresh-thinking benchmark Before,Automotive,14.38,9.43,Friedman Ltd,2023-12-25
267,Reactive maximized matrices Nice,Toys,4.87,2.97,"Reyes, Hodges and Best",2024-01-19
268,Object-based disintermediate firmware Product,Beauty,11.44,7.67,Perkins-Alexander,2024-09-28
269,Cloned even-keeled forecast Opportunity,Sports,33.57,10.92,Friedman-Acosta,2024-02-07
270,Polarized static matrix Let,Toys,30.09,16.58,"Stewart, Pittman and Perez",2025-04-02
271,Innovative leadingedge installation Star,Automotive,20.92,7.49,Forbes-Mason,2023-12-16
272,Exclusive optimal knowledge user Reason,Toys,23.02,11.55,Cannon-Lawrence,2025-03-24
273,Up-sized asynchronous adapter Data,Beauty,4.44,1.61,Lopez PLC,2023-11-24
274,Cloned multi-tasking monitoring Leg,Clothing,14.91,5.24,"Conrad, Goodman and Rocha",2024-08-25
275,Vision-oriented context-sensitive methodology Message,Automotive,11.65,3.55,Harrington-Brown,2023-10-04
276,Re-contextualized intangible approach Two,Beauty,11.86,6.55,Wheeler-Roberts,2024-04-16
277,Open-source static moratorium Mouth,Clothing,32.45,14.4,James-Garcia,2024-12-03
278,Programmable static implementation Left,Home & Garden,10.09,3.45,"Jackson, Crosby and Mercado",2024-03-08
279,Synchronized transitional toolset Fear,Sports,12.38,5.31,Hernandez Ltd,2024-02-19
280,Upgradable context-sensitive access Give,Toys,3.78,1.39,Murray Ltd,2025-06-28
281,Synergized tangible algorithm Red,Home & Garden,15.87,10.74,Moore-Weaver,2025-07-02
282,Inverse methodical monitoring Fine,Electronics,8.41,3.6,"Salinas, Gomez and Moore",2023-12-05
283,Open-architected context-sensitive circuit Test,Beauty,21.4,9.28,"Anderson, Gibson and Simmons",2024-08-22
284,Cloned impactful database Everybody,Home & Garden,9.39,5.97,Moran-Hurst,2025-02-07
285,Visionary incremental groupware Best,Home & Garden,21.84,12.21,Hernandez-Miller,2024-04-01
286,Public-key uniform initiative Toward,Toys,17.89,10.45,"Steele, Bender and Brown",2023-09-09
287,Intuitive zero administration budgetary management Half,Clothing,76.53,42.43,Morris-Rivera,2023-12-20
288,Focused attitude-oriented capacity Attack,Beauty,29.9,20.29,"Myers, Stevens and Phillips",2024-06-07
289,Implemented asynchronous service-desk Town,Clothing,4.61,1.76,Richardson Inc,2024-05-17
290,Focused transitional model Car,Sports,7.3,5.08,Chavez-Torres,2024-05-10
291,Self-enabling reciprocal middleware Quality,Home & Garden,20.99,13.27,Green-Jacobs,2024-10-17
292,Polarized regional application Night,Beauty,9.55,5.11,"Tyler, Elliott and Williams",2024-04-25
293,User-friendly upward-trending Internet solution Recent,Home & Garden,1.87,1.06,"Henry, Martinez and Ross",2024-12-09
294,Profound interactive functionalities Store,Sports,59.12,33.08,"Vasquez, Kemp and Rodgers",2024-01-05
295,Customer-focused scalable extranet Leave,Books,35.74,11.56,"Williams, Smith and Martin",2024-03-08
296,Open-source actuating toolset Story,Sports,30.47,11.8,Joyce-Johnston,2024-05-28
297,Customer-focused modular access Such,Clothing,12.36,8.46,Robinson Ltd,2024-10-25
298,Visionary user-facing hardware Our,Clothing,28.28,14.53,"Smith, Gillespie and Castro",2025-08-06
299,Front-line reciprocal instruction set Major,Automotive,11.43,5.16,Turner PLC,2023-09-26
300,Automated bi-directional solution Good,Home & Garden,23.66,14.31,Trujillo-Martinez,2023-12-24
301,Multi-layered system-worthy concept Create,Clothing,9.62,4.9,Mann-Tyler,2024-02-17
302,Networked fault-tolerant archive Sing,Beauty,67.56,20.62,Riddle and Sons,2025-02-28
303,Devolved empowering info-mediaries Wear,Sports,5.72,3.4,"Garrett, Brown and Larsen",2025-03-04
304,Multi-layered full-range collaboration Rise,Home & Garden,53.83,31.92,"Hahn, Boyle and Lee",2024-02-26
305,Switchable user-facing policy Herself,Sports,20.72,7.58,Adams-Garcia,2023-11-19
306,Universal mobile open architecture Local,Sports,13.58,9.27,Alexander and Sons,2023-09-09
307,Exclusive foreground budgetary management Hundred,Home & Garden,22.96,8.94,Hernandez Ltd,2024-09-15
308,Quality-focused disintermediate challenge Accept,Toys,36.11,17.44,"Wood, Benson and Norton",2023-11-03
309,Enterprise-wide cohesive website Use,Books,59.94,20.73,Pierce-Robertson,2024-09-12
310,Persistent transitional capability Beautiful,Automotive,25.8,13.97,"Gardner, Wise and Weaver",2024-05-19
311,Extended solution-oriented artificial intelligence Month,Toys,9.85,4.43,"Diaz, Abbott and Knight",2025-01-02
312,Business-focused analyzing circuit Beautiful,Clothing,21.0,9.27,Taylor and Sons,2024-03-22
313,User-friendly even-keeled policy Natural,Electronics,85.92,54.2,"Aguilar, Baxter and Castillo",2025-02-27
314,Business-focused 5thgeneration success Southern,Automotive,59.04,17.94,Howell and Sons,2024-10-07
315,Public-key eco-centric intranet Rich,Toys,41.55,25.73,"Young, Solis and Bates",2025-03-06
316,Intuitive full-range hierarchy Likely,Electronics,37.96,20.06,"Foster, Sawyer and Davis",2023-09-05
317,Synergized mobile encryption Fill,Electronics,35.15,24.41,Barnes Inc,2025-05-14
318,Synergized secondary data-warehouse Citizen,Clothing,50.75,27.19,Bean-Rivas,2024-04-27
319,Realigned contextually-based emulation Use,Books,13.94,4.49,"Perry, Gonzalez and Williams",2025-03-19
320,Robust asymmetric core Care,Sports,6.79,2.17,Daniels Group,2025-01-28
321,Switchable tertiary architecture Often,Home & Garden,21.23,13.87,"Jones, Duncan and Scott",2025-04-20
322,Sharable disintermediate instruction set In,Books,10.44,6.64,Castillo-Mcdonald,2023-10-29
323,Reduced uniform firmware Price,Electronics,8.64,3.79,Hale-Rush,2024-03-01
324,Programmable dynamic help-desk People,Automotive,11.29,6.18,"Russell, Marks and Scott",2024-02-17
325,Profound secondary access Need,Beauty,146.68,72.73,Willis-Wilson,2025-01-11
326,Future-proofed human-resource policy Name,Clothing,22.4,15.39,Miller-Rodriguez,2024-09-21
327,Versatile modular database Certainly,Toys,26.83,18.24,Caldwell-Alexander,2024-09-26
328,Re-engineered zero tolerance knowledgebase Wait,Automotive,7.55,5.24,Morris Group,2025-02-19
329,Intuitive multimedia flexibility Sometimes,Clothing,4.6,2.97,Smith Inc,2024-01-01
330,Managed interactive circuit Matter,Toys,10.43,6.92,"Burgess, Fox and Taylor",2024-08-19
331,Customer-focused secondary core Man,Home & Garden,63.47,24.56,"Turner, Dickerson and Smith",2024-02-09
332,Business-focused responsive circuit Event,Beauty,26.24,16.59,Davidson Group,2024-08-31
333,Innovative hybrid pricing structure Network,Sports,32.42,18.92,Washington LLC,2024-12-23
334,Grass-roots grid-enabled open system Number,Books,36.26,24.84,Wilson LLC,2025-04-10
335,Seamless uniform algorithm Play,Beauty,12.51,6.61,Freeman Ltd,2025-05-28
336,Centralized homogeneous initiative Wonder,Books,60.97,20.37,"Thomas, Jones and Martinez",2024-03-12
337,Assimilated object-oriented framework Manage,Books,12.11,6.53,Walker-Jones,2025-07-19
338,Progressive dedicated application Team,Sports,61.87,35.55,Reyes-Boyer,2024-11-09
339,Operative client-server interface Fill,Sports,28.61,11.1,"Moore, Murray and Sherman",2023-09-22
340,Open-architected uniform groupware Morning,Toys,4.8,2.2,"Gonzales, Marshall and Owens",2024-11-15
341,Public-key non-volatile parallelism On,Sports,11.04,5.95,"Armstrong, Graves and Russell",2024-11-05
342,Proactive context-sensitive flexibility Executive,Home & Garden,4.82,2.17,Lopez-Buckley,2024-03-06
343,Virtual exuding info-mediaries Whatever,Clothing,50.94,22.92,Sellers-Rivera,2025-01-09
344,Fully-configurable attitude-oriented circuit Should,Electronics,19.69,6.96,Mitchell-Malone,2024-03-22
345,Progressive systemic focus group Style,Sports,3.38,2.29,Austin PLC,2024-09-07
346,Devolved systemic analyzer Particularly,Clothing,27.13,16.28,Green Ltd,2023-10-27
347,Enhanced logistical function Pay,Toys,13.07,3.93,"Best, Harrington and Larson",2024-10-05
348,Fully-configurable systemic open system Their,Sports,6.13,3.72,Davis-Neal,2025-06-21
349,Balanced optimizing model Best,Electronics,76.89,45.82,Kramer-Mendez,2025-07-24
350,Synergized attitude-oriented circuit Certainly,Beauty,21.89,6.65,"Davis, Jimenez and Walton",2024-12-28
351,Automated contextually-based system engine Back,Automotive,15.88,7.11,Mack-Nguyen,2025-04-12
352,Mandatory solution-oriented attitude Certainly,Sports,14.59,7.92,"Smith, Gillespie and Stephens",2025-07-19
353,Stand-alone systemic middleware Health,Clothing,5.99,2.88,Miller Inc,2025-06-22
354,Configurable demand-driven info-mediaries Mr,Toys,7.07,4.32,Johnson Ltd,2023-10-08
355,Grass-roots 5thgeneration Graphic Interface Fill,Toys,56.14,26.4,Fernandez-Kaufman,2025-02-28
356,Customer-focused transitional info-mediaries Relationship,Automotive,13.75,4.97,Braun PLC,2024-01-21
357,Managed composite emulation Middle,Home & Garden,20.44,14.12,Oconnor and Sons,2025-05-21
358,Advanced 24hour throughput Note,Toys,3.91,1.55,Fowler-Jones,2025-06-21
359,Organized modular leverage Hot,Beauty,7.0,4.11,"Washington, Mcgee and Clark",2023-12-08
360,Compatible reciprocal application Social,Toys,32.72,11.69,Lopez Inc,2024-04-04
361,Balanced demand-driven conglomeration Cold,Toys,27.17,11.73,"Robertson, Weber and Hall",2025-03-30
362,Up-sized intermediate algorithm Maybe,Beauty,81.67,38.94,"Hernandez, Wells and Sawyer",2023-09-16
363,Front-line executive task-force Turn,Automotive,58.81,22.17,"Carter, Wood and Keller",2024-06-28
364,Persistent multimedia synergy Few,Automotive,16.7,8.02,Barber-Campbell,2023-12-12
365,Front-line cohesive interface Manage,Beauty,29.32,10.64,Barr-Valentine,2025-07-04
366,Function-based national function Knowledge,Electronics,15.59,8.16,Stone-Snyder,2023-10-12
367,Future-proofed scalable definition Bank,Clothing,103.94,58.78,"Copeland, Roberts and Robles",2025-03-01
368,Vision-oriented analyzing workforce Detail,Books,50.36,16.37,"Daniel, Stevens and Ochoa",2024-03-26
369,Devolved didactic emulation Off,Toys,23.01,14.92,Collins-Russell,2024-06-30
370,Switchable heuristic workforce Even,Automotive,23.58,8.82,Grant-Cole,2023-10-30
371,Fully-configurable local structure Learn,Books,63.81,24.9,"Reese, Martinez and Smith",2024-02-14
372,Polarized disintermediate approach Skin,Books,31.93,18.03,Martinez-Kennedy,2024-02-02
373,Multi-channeled neutral Graphical User Interface Note,Home & Garden,69.89,34.07,"Beltran, Oneill and Lee",2024-05-16
374,Enhanced asynchronous process improvement Knowledge,Sports,3.47,1.73,Miller-Castro,2024-03-07
375,User-friendly even-keeled task-force Growth,Toys,29.05,10.2,Davila-Jacobs,2024-07-23
376,Robust reciprocal instruction set Offer,Sports,13.3,8.28,Barr PLC,2024-01-11
377,Distributed client-driven flexibility Describe,Sports,81.87,44.77,Holmes-Wise,2025-04-27
378,Cross-group client-driven software Reduce,Home & Garden,69.21,24.51,"Johnson, Jones and Mason",2025-03-02
379,Configurable coherent help-desk History,Books,20.62,9.27,Thompson Inc,2024-02-26
380,Profit-focused motivating pricing structure Nature,Beauty,68.61,42.82,Villanueva and Sons,2024-08-18
381,Exclusive user-facing pricing structure Concern,Sports,83.64,44.11,Yates-Maynard,2023-10-02
382,Team-oriented demand-driven adapter Me,Automotive,21.32,7.32,"Rodriguez, Hamilton and Jones",2023-12-27
383,Quality-focused bottom-line flexibility Bring,Beauty,145.12,65.17,Choi Group,2025-06-17
384,De-engineered zero-defect throughput Girl,Beauty,19.59,7.78,Jackson LLC,2025-04-05
385,Persistent 3rdgeneration protocol Itself,Home & Garden,16.92,8.58,"Garcia, Gonzalez and Stewart",2024-04-23
386,Organized analyzing knowledgebase Moment,Automotive,40.15,25.59,Robles PLC,2024-04-24
387,Secured tertiary service-desk Side,Home & Garden,15.13,7.18,Roberts-Freeman,2024-05-13
388,Up-sized solution-oriented project Cultural,Clothing,21.5,10.18,Salinas and Sons,2025-03-26
389,Innovative eco-centric structure Television,Toys,62.03,41.07,"King, Ramsey and Garcia",2025-05-17
390,Mandatory exuding support That,Sports,20.4,10.82,Kelly Ltd,2025-03-22
391,Phased fresh-thinking projection Play,Books,5.18,2.73,Brown LLC,2025-02-03
392,Organic asymmetric benchmark During,Electronics,26.95,10.91,Lopez PLC,2024-06-16
393,Customizable holistic workforce Somebody,Automotive,11.51,6.25,Fernandez PLC,2024-01-13
394,Team-oriented intangible website New,Home & Garden,40.13,21.28,"Wilson, Carter and Rocha",2024-03-30
395,Pre-emptive demand-driven budgetary management Report,Beauty,35.06,16.08,Barrett-Jordan,2024-12-19
396,Balanced clear-thinking framework Coach,Clothing,65.18,45.38,"Owens, Harris and Lee",2024-10-17
397,Networked explicit functionalities Plant,Electronics,41.51,27.1,Henry PLC,2023-11-18
398,Up-sized interactive emulation Owner,Home & Garden,48.05,28.82,"Adams, Gilbert and Robinson",2025-07-18
399,Grass-roots interactive moderator Few,Clothing,11.76,6.06,Bell-Lewis,2024-03-10
400,Multi-layered multimedia data-warehouse Section,Beauty,38.21,18.53,Tanner-Fleming,2023-11-14
401,Cross-platform 24/7 website Page,Sports,97.0,36.27,Moreno-Turner,2025-06-11
402,Advanced content-based hardware One,Toys,11.58,4.89,"Garcia, Larson and James",2025-06-30
403,Synergistic grid-enabled middleware Seem,Toys,84.76,51.67,"Mendez, Kidd and Garcia",2025-01-01
404,Phased client-driven implementation Customer,Clothing,12.94,6.23,Li-Jones,2024-05-18
405,Synergized contextually-based solution Suggest,Home & Garden,10.16,6.63,Smith Ltd,2024-08-11
406,Phased grid-enabled alliance This,Toys,25.46,9.14,Braun-Curry,2024-08-04
407,Enterprise-wide mobile productivity Avoid,Toys,35.61,17.92,Wright-Hunt,2025-01-14
408,Robust coherent info-mediaries Follow,Sports,41.65,23.27,Knox LLC,2023-11-12
409,Enterprise-wide bifurcated synergy According,Beauty,9.31,4.72,Brooks Group,2024-10-24
410,Enhanced disintermediate neural-net Statement,Books,28.44,18.65,"Roberts, Vega and Schultz",2023-09-30
411,Organic cohesive model Thought,Toys,11.61,8.08,"Abbott, Benson and Brown",2025-03-20
412,Reactive 4thgeneration matrix Enjoy,Clothing,6.1,2.11,Williams Group,2024-08-01
413,Optional intangible support Vote,Electronics,9.55,3.36,Lin-Dunn,2025-07-28
414,Vision-oriented transitional productivity Food,Automotive,11.02,3.88,"Cervantes, Franklin and Wells",2024-02-29
415,Re-contextualized modular analyzer Human,Beauty,30.49,17.45,Shields LLC,2024-10-29
416,Streamlined regional functionalities Particular,Sports,50.49,22.67,Floyd-Barrett,2023-11-30
417,Triple-buffered regional ability Should,Beauty,6.18,3.67,Williams-Blankenship,2023-12-07
418,Upgradable systemic product But,Sports,26.62,12.3,Jensen-Kline,2025-03-23
419,Re-contextualized impactful protocol Professor,Beauty,7.84,4.32,Bates and Sons,2025-01-13
420,Future-proofed directional synergy Recently,Automotive,33.22,20.2,Jackson-Adams,2024-12-31
421,Universal disintermediate hardware Job,Books,12.2,6.34,Byrd-Hudson,2025-08-08
422,Digitized content-based paradigm Goal,Clothing,8.66,4.47,Noble-Garrett,2025-07-03
423,Assimilated context-sensitive archive Voice,Electronics,38.08,12.77,Becker Group,2024-01-11
424,Compatible bottom-line migration Market,Toys,12.56,5.83,"Stewart, Anderson and King",2024-12-10
425,Adaptive systemic analyzer Above,Books,15.6,8.09,Harrison-Alexander,2025-06-01
426,Balanced national challenge Country,Clothing,3.4,1.65,Montgomery Group,2024-07-16
427,De-engineered analyzing help-desk Eat,Electronics,42.83,28.28,"Washington, Lee and Smith",2024-07-04
428,De-engineered value-added concept And,Beauty,38.73,25.66,Flores-Miller,2024-05-24
429,Quality-focused optimizing encoding Parent,Automotive,20.17,12.68,Stephens Group,2023-12-02
430,Universal heuristic info-mediaries Space,Toys,5.92,2.66,White-Fischer,2024-10-04
431,Business-focused multi-tasking orchestration Newspaper,Electronics,52.85,31.02,"Weeks, Smith and Neal",2024-12-22
432,Assimilated explicit interface Identify,Home & Garden,11.79,5.4,Stevens Group,2024-05-28
433,Compatible local budgetary management Thing,Electronics,13.98,5.49,"Taylor, Williamson and Ramsey",2025-02-13
434,Advanced background forecast Many,Clothing,127.69,55.82,Price-Patel,2023-11-07
435,Public-key contextually-based firmware Table,Books,11.44,3.76,Ross LLC,2024-12-26
436,Persistent heuristic open system Positive,Toys,36.37,15.74,"Contreras, Kelly and King",2024-03-06
437,Up-sized bandwidth-monitored throughput Campaign,Books,31.49,15.25,"Robbins, Larson and Durham",2023-11-08
438,Pre-emptive content-based open system Another,Toys,27.44,18.72,"Cox, Cook and Ortega",2024-11-20
439,Object-based intangible Graphic Interface Article,Home & Garden,25.17,10.71,Burgess-Campbell,2023-08-18
440,User-centric impactful migration Nice,Clothing,27.14,17.94,Jones-Fowler,2024-09-19
441,Self-enabling upward-trending middleware His,Automotive,24.97,9.78,"White, Martinez and Walker",2025-03-28
442,Persistent transitional interface Start,Automotive,19.27,7.25,Marquez-Johnson,2025-06-03
443,Automated contextually-based Local Area Network Yourself,Electronics,67.29,34.16,Taylor PLC,2025-08-01
444,Exclusive bottom-line interface Again,Home & Garden,7.03,4.0,Cantrell Inc,2024-01-05
445,Front-line grid-enabled application Class,Beauty,45.48,14.45,Alvarado LLC,2025-04-05
446,Team-oriented fault-tolerant Graphical User Interface Administration,Sports,38.78,15.06,"Walters, Lopez and Howell",2024-07-30
447,Object-based dedicated capacity Site,Beauty,35.12,16.94,"Moss, Bell and King",2024-03-21
448,Persistent zero tolerance approach Worker,Clothing,49.09,21.23,Wells Ltd,2024-04-20
449,Team-oriented system-worthy service-desk Happy,Home & Garden,18.65,10.91,Perez-Lambert,2025-01-09
450,Distributed even-keeled array Recent,Books,4.5,2.27,Tucker PLC,2024-08-03
451,Optimized real-time extranet Star,Home & Garden,18.96,6.9,Miller and Sons,2024-03-18
452,Visionary scalable synergy Former,Sports,9.09,5.98,Noble-Jones,2024-06-02
453,Optional exuding implementation Not,Automotive,11.18,4.66,Weaver LLC,2024-07-02
454,Operative homogeneous Local Area Network Industry,Clothing,7.43,4.4,Sanders-Glass,2024-05-15
455,Visionary scalable protocol Sign,Home & Garden,13.71,8.39,Campos LLC,2025-06-13
456,Universal eco-centric installation Positive,Toys,12.46,8.54,Fleming-Mcpherson,2025-07-09
457,Decentralized even-keeled concept Send,Beauty,3.0,1.5,Miranda Group,2024-11-11
458,Profit-focused fault-tolerant access Adult,Electronics,35.17,19.21,Williams-Nichols,2025-01-04
459,Adaptive 24/7 standardization Break,Beauty,118.66,51.49,"Jacobs, Ward and Rogers",2025-03-25
460,Extended well-modulated intranet Everyone,Clothing,32.62,18.63,Lee-Kennedy,2024-11-29
461,Ergonomic local migration Experience,Automotive,17.08,8.29,"Estrada, Gamble and Fitzpatrick",2023-12-12
462,Pre-emptive upward-trending attitude Adult,Home & Garden,19.22,9.13,Simmons Group,2024-06-01
463,Virtual methodical encoding Movement,Automotive,14.34,9.21,"Reid, Hanson and Rivera",2023-08-31
464,Enhanced content-based contingency Choice,Beauty,21.59,6.91,Andrews PLC,2024-08-30
465,Inverse uniform protocol Reveal,Home & Garden,19.5,12.73,"Griffin, Schneider and Thornton",2024-07-16
466,Quality-focused system-worthy definition Dog,Beauty,10.25,6.57,Moody Inc,2025-06-24
467,Polarized interactive time-frame Spend,Clothing,77.19,38.79,Bowman-Mcknight,2024-01-12
468,Down-sized secondary superstructure Chance,Books,6.11,3.03,Carter-Murray,2024-02-10
469,Expanded uniform encoding Exist,Automotive,35.68,15.87,Mclean-Murray,2024-08-20
470,Managed 6thgeneration budgetary management Guess,Automotive,18.52,12.92,Williams-Carrillo,2025-05-25
471,Grass-roots bottom-line leverage Minute,Beauty,91.9,31.66,Rojas-Arnold,2025-02-03
472,Open-architected holistic Local Area Network Nothing,Electronics,26.38,14.14,"Santiago, Collins and Moody",2025-04-28
473,Operative intermediate artificial intelligence And,Beauty,15.06,8.62,Campbell-Raymond,2024-02-13
474,Total solution-oriented application Also,Clothing,16.47,11.1,Mcfarland Group,2024-07-05
475,Ameliorated grid-enabled policy Before,Beauty,20.74,12.69,"Diaz, Miller and Moyer",2024-03-29
476,Decentralized multi-tasking implementation Commercial,Electronics,8.05,4.49,"Holloway, Simmons and Hernandez",2025-06-05
477,Stand-alone upward-trending flexibility Money,Toys,10.88,3.77,Williams-Miller,2025-04-10
478,Robust web-enabled encoding Price,Electronics,4.82,2.17,"Cooper, Raymond and Reyes",2024-01-21
479,Extended responsive database Fish,Clothing,9.6,3.41,Morales-Avila,2024-06-03
480,Profound static orchestration Bed,Home & Garden,21.65,14.13,"Medina, Fernandez and Short",2025-03-26
481,Horizontal analyzing capacity Indicate,Beauty,25.54,15.32,Hayes PLC,2024-02-13
482,Reverse-engineered secondary service-desk Improve,Books,4.12,2.48,Johnson PLC,2024-09-05
483,Face-to-face background functionalities Scene,Electronics,18.0,10.1,Scott-Allen,2023-11-13
484,Monitored scalable hardware Require,Toys,31.52,15.85,Henderson LLC,2024-01-05
485,Progressive actuating projection After,Electronics,17.63,6.35,"Howe, Williams and Cantrell",2023-11-02
486,Profit-focused mission-critical hub Moment,Beauty,12.1,5.23,Walters-Elliott,2024-03-31
487,Visionary global knowledgebase Get,Home & Garden,14.44,5.12,Atkins and Sons,2024-06-19
488,Cross-platform system-worthy data-warehouse Break,Automotive,13.03,7.69,Cook-Neal,2024-02-23
489,Profound well-modulated definition Simply,Beauty,12.07,4.39,"Clark, Meyer and Swanson",2023-09-28
490,Up-sized neutral challenge Writer,Automotive,23.08,13.41,Perez Inc,2024-09-08
491,Ergonomic mobile application Reduce,Toys,127.25,73.41,Perkins-Curtis,2023-10-03
492,User-centric national focus group Face,Toys,11.08,5.36,Rosales-Dixon,2025-01-02
493,Function-based human-resource monitoring Worker,Clothing,15.57,5.51,"Jennings, Shaw and Boyle",2025-06-19
494,Sharable foreground adapter Book,Books,19.27,8.21,"Thompson, Smith and Pineda",2023-10-02
495,Synchronized dedicated product Number,Beauty,11.59,4.96,Jordan-Morris,2024-12-02
496,Cross-group dynamic middleware Hit,Electronics,48.36,28.06,Porter-West,2024-04-29
497,Universal systematic framework Tonight,Electronics,3.01,1.04,"Mack, Johnson and Smith",2024-10-03
498,Customer-focused neutral function Cost,Clothing,13.13,8.29,Richard Inc,2024-01-25
499,Seamless directional complexity Interesting,Home & Garden,38.65,23.36,Williams and Sons,2025-05-04
500,User-centric even-keeled Graphic Interface Long,Beauty,15.87,5.94,Adkins Group,2023-09-03
501,Balanced asymmetric leverage Training,Sports,10.42,6.12,Sweeney-Owens,2024-03-04
502,Organized dynamic emulation Thought,Home & Garden,28.58,16.22,Romero PLC,2023-12-29
503,Pre-emptive stable alliance Audience,Electronics,41.47,24.85,Hogan-Parker,2025-04-08
504,Business-focused interactive hierarchy Data,Toys,23.77,8.93,"Ellison, Carpenter and Jones",2025-03-23
505,Open-architected 6thgeneration hardware Financial,Beauty,10.58,3.84,Ashley Ltd,2025-07-05
506,Up-sized non-volatile matrix Beautiful,Toys,28.93,11.42,Osborne-Reed,2024-10-09
507,Enterprise-wide methodical orchestration Early,Electronics,14.56,6.5,Boyer PLC,2025-08-04
508,Configurable responsive alliance None,Books,36.46,22.51,Peck-Martin,2025-07-08
509,Distributed human-resource concept Radio,Home & Garden,65.8,39.16,Chang and Sons,2024-06-17
510,Stand-alone mission-critical Local Area Network Former,Sports,2.5,1.68,Hess PLC,2024-02-02
511,Operative zero-defect superstructure Piece,Books,21.95,7.1,Ward and Sons,2023-12-11
512,Robust tertiary pricing structure So,Sports,5.01,1.53,Harris-Murphy,2024-02-20
513,Adaptive intermediate solution Age,Books,141.66,82.11,"Baird, Moore and Olson",2023-10-08
514,Innovative bifurcated middleware Leader,Home & Garden,13.81,5.69,"Marshall, Foster and Foster",2023-09-25
515,Seamless human-resource access Popular,Electronics,36.49,15.82,Bennett LLC,2024-01-02
516,Multi-lateral human-resource initiative Treat,Sports,19.53,10.13,Obrien and Sons,2024-06-26
517,Cross-platform attitude-oriented support Trade,Automotive,10.56,3.6,Moreno Inc,2024-05-22
518,Realigned contextually-based neural-net Participant,Home & Garden,9.61,5.35,"Williams, Potter and Andrade",2025-02-02
519,De-engineered background strategy Adult,Sports,71.42,30.71,Wilson Group,2024-04-22
520,Polarized foreground middleware Lawyer,Automotive,43.15,23.87,Parker-Smith,2024-09-07
521,Innovative directional hierarchy Or,Home & Garden,95.09,60.25,Phillips PLC,2024-03-23
522,Front-line 3rdgeneration paradigm Mind,Books,21.0,7.74,Baker-Wilson,2024-08-22
523,Inverse directional customer loyalty Rock,Home & Garden,25.29,17.0,"Morris, Bryant and Blake",2024-03-10
524,Multi-tiered dedicated budgetary management Everybody,Books,16.22,8.31,Davis and Sons,2025-01-29
525,Reduced client-driven middleware Professional,Electronics,15.96,10.68,Walker LLC,2024-03-31
526,Reverse-engineered incremental paradigm Between,Books,8.73,3.34,"Perez, George and Bennett",2024-11-28
527,Programmable systemic initiative Call,Clothing,21.48,11.64,Hood LLC,2024-01-20
528,Switchable methodical functionalities Radio,Electronics,10.68,4.93,Little Ltd,2024-06-20
529,Object-based needs-based Internet solution Discover,Toys,28.6,17.44,Chavez Inc,2024-06-18
530,Function-based foreground protocol Face,Toys,23.01,12.48,Rodriguez-Ramirez,2024-09-01
531,Reverse-engineered homogeneous focus group Region,Toys,25.28,12.58,"Doyle, Neal and Rice",2024-02-10
532,Synergized composite conglomeration Air,Beauty,76.72,51.03,"Castro, Ellison and Lopez",2024-04-27
533,Operative zero administration open system Vote,Automotive,19.49,8.79,"Gibson, Brennan and Lee",2023-12-07
534,Virtual object-oriented secured line Claim,Beauty,36.8,14.28,"Anderson, Rice and Johnson",2023-11-03
535,Mandatory zero-defect Graphical User Interface Newspaper,Home & Garden,103.67,56.32,"Roberts, Weber and Bridges",2024-06-23
536,Vision-oriented disintermediate application Activity,Home & Garden,57.13,31.4,Lewis-Ward,2023-08-30
537,Exclusive grid-enabled monitoring Artist,Automotive,50.53,24.03,Rios-Lucero,2024-09-25
538,Switchable tangible strategy Old,Clothing,15.72,7.78,Thomas Ltd,2024-02-25
539,Vision-oriented logistical hub Into,Home & Garden,24.14,16.51,"Lambert, Knight and Miller",2024-04-05
540,Self-enabling dynamic extranet Size,Electronics,7.0,4.15,"Vargas, Lawrence and Anderson",2023-09-22
541,Implemented reciprocal attitude Serve,Electronics,29.94,10.31,Dyer LLC,2023-12-25
542,Balanced motivating model Happen,Toys,25.02,9.63,"Diaz, Acevedo and Miller",2025-07-26
543,Focused explicit open architecture Who,Books,20.46,14.12,"Hughes, Nelson and Cross",2025-05-26
544,Quality-focused disintermediate artificial intelligence Wall,Sports,45.68,26.98,Rogers PLC,2024-09-15
545,Robust web-enabled contingency Let,Home & Garden,7.64,5.09,Arellano-Ward,2024-11-19
546,Up-sized cohesive knowledge user Through,Clothing,74.28,31.31,"Matthews, Garcia and Edwards",2024-08-06
547,Organic motivating toolset Determine,Toys,41.32,24.66,Smith Inc,2025-05-04
548,Horizontal actuating methodology Pass,Automotive,18.98,11.11,"Juarez, Gordon and Wade",2024-03-21
549,Synergized responsive workforce Cup,Beauty,17.83,7.45,Welch Inc,2025-04-15
550,Devolved motivating artificial intelligence Wrong,Automotive,29.5,15.35,Hood Ltd,2023-08-20
551,Realigned background info-mediaries Recognize,Electronics,67.81,37.36,Johnson-Roberts,2024-12-09
552,Phased background matrix Live,Electronics,21.79,10.73,Jones Inc,2024-01-29
553,Synchronized bandwidth-monitored capability According,Electronics,22.54,14.22,Johnson Group,2025-04-02
554,Face-to-face executive analyzer Contain,Sports,20.38,12.9,"Washington, Ruiz and Thomas",2025-05-30
555,Business-focused mobile definition Leave,Sports,83.56,53.5,Hurst PLC,2025-01-31
556,Cloned modular function Front,Home & Garden,14.95,9.29,Arnold-Edwards,2024-11-14
557,Persevering web-enabled firmware Born,Beauty,19.62,9.72,Reed LLC,2024-01-23
558,Phased responsive pricing structure Attorney,Clothing,64.76,29.31,"Hamilton, Bush and Reyes",2024-03-12
559,Profit-focused encompassing productivity Newspaper,Sports,22.59,14.29,White PLC,2025-07-24
560,Adaptive 3rdgeneration utilization Assume,Automotive,49.88,24.74,Cisneros Ltd,2024-12-06
561,Assimilated web-enabled access Under,Books,9.69,3.86,Roman-Campbell,2025-02-04
562,Cross-group discrete encoding Artist,Sports,17.04,8.57,Stevens Inc,2025-06-28
563,Synergized scalable concept Set,Electronics,65.86,23.49,Richmond-Reyes,2025-02-02
564,Decentralized even-keeled neural-net Per,Automotive,11.69,6.74,Burke and Sons,2024-06-16
565,Ameliorated eco-centric access Base,Clothing,17.8,7.73,"Robinson, Dillon and Newman",2024-03-22
566,Cross-group upward-trending encryption They,Home & Garden,24.66,9.97,"Houston, Owens and Smith",2024-08-21
567,Visionary secondary orchestration Color,Sports,9.1,6.21,King-Black,2025-05-04
568,Customer-focused heuristic protocol Provide,Electronics,14.42,8.81,Thomas-Allen,2025-04-21
569,Realigned uniform archive Partner,Toys,21.98,13.51,"Richmond, Esparza and Chang",2024-11-25
570,Distributed maximized throughput Million,Books,20.85,11.46,Arroyo Ltd,2025-08-14
571,Digitized encompassing forecast Enjoy,Books,55.94,35.56,"Estrada, Keller and Cook",2024-01-17
572,Stand-alone local strategy Kitchen,Toys,68.94,41.62,Walter-Reid,2024-05-26
573,Horizontal fresh-thinking implementation Bag,Home & Garden,10.13,5.47,Torres Group,2024-02-04
574,Programmable upward-trending support Us,Home & Garden,21.96,15.03,Williams PLC,2024-12-12
575,Integrated interactive open architecture Painting,Sports,34.45,12.98,Wolfe Ltd,2025-02-20
576,Cross-platform holistic solution Prove,Home & Garden,67.56,45.76,Myers-Murray,2025-05-07
577,Quality-focused value-added customer loyalty Design,Automotive,35.69,16.44,Rich LLC,2025-06-21
578,Object-based full-range process improvement Soon,Beauty,25.35,12.96,Lewis-Moore,2024-05-04
579,Organic fault-tolerant matrix Usually,Beauty,34.23,11.95,"Parker, Hansen and Moore",2025-06-22
580,Balanced responsive parallelism Body,Electronics,34.43,17.77,Farmer-Martin,2024-06-15
581,Implemented multimedia Local Area Network Site,Electronics,9.56,5.21,Rogers Group,2023-12-23
582,Team-oriented bottom-line portal Crime,Automotive,23.44,16.39,Torres and Sons,2025-04-30
583,Total systematic portal Some,Electronics,64.54,44.54,Young-Francis,2023-11-07
584,Advanced multimedia toolset Door,Beauty,17.02,11.69,"Taylor, Sampson and Vincent",2025-03-16
585,Face-to-face multi-state capacity Threat,Sports,22.28,9.79,Green Group,2024-04-26
586,User-friendly homogeneous hardware Knowledge,Sports,16.54,11.52,Coleman-Cox,2024-03-31
587,Decentralized non-volatile leverage Nor,Home & Garden,3.15,1.52,Wright Inc,2023-12-12
588,Sharable zero-defect paradigm Human,Sports,20.42,13.08,"Levine, Singh and Nolan",2025-02-15
589,Quality-focused asynchronous challenge Huge,Electronics,25.57,9.88,Weaver Ltd,2025-05-02
590,Open-architected incremental software Practice,Clothing,13.33,6.7,Brown PLC,2024-07-06
591,Reduced bottom-line info-mediaries Show,Electronics,7.97,5.47,Garcia-Williams,2023-11-29
592,Re-engineered non-volatile complexity Shoulder,Beauty,9.93,6.74,Holt Inc,2025-05-24
593,Universal logistical knowledge user Represent,Toys,37.02,21.23,Campos-Robinson,2024-07-04
594,Assimilated systematic middleware Task,Clothing,97.32,60.25,Cox Inc,2024-08-05
595,Sharable interactive standardization Still,Home & Garden,60.7,22.49,"Ryan, Roth and Matthews",2025-06-04
596,Multi-tiered heuristic knowledgebase Wife,Books,6.85,4.03,Wilkins Inc,2023-10-19
597,Implemented national superstructure Language,Toys,39.79,21.77,"Carpenter, Ortiz and Smith",2024-09-29
598,Multi-layered radical knowledge user Letter,Sports,11.82,3.98,"Rice, Castillo and Frye",2024-10-09
599,Switchable foreground policy When,Sports,12.61,4.35,"Carter, Rose and Brooks",2024-11-28
600,Persistent mobile Internet solution Meet,Beauty,13.88,4.77,"Lambert, Moore and Bell",2025-05-21
601,Extended system-worthy secured line Structure,Electronics,35.33,20.84,Gonzales-Mills,2024-12-29
602,Self-enabling motivating adapter Among,Electronics,43.27,15.43,Rogers-Steele,2025-07-10
603,Persistent foreground alliance Sign,Clothing,18.57,9.05,Collins-Thomas,2023-12-18
604,Open-source multi-tasking challenge Dark,Sports,18.82,8.33,Snyder LLC,2025-08-09
605,Streamlined upward-trending encryption Statement,Toys,29.12,15.15,Miller and Sons,2024-07-01
606,Phased disintermediate definition Others,Beauty,31.64,18.43,Lara and Sons,2025-03-10
607,Front-line even-keeled Local Area Network Sport,Toys,51.47,29.54,"Russell, Alexander and Lynch",2024-08-22
608,Horizontal system-worthy array With,Home & Garden,7.19,3.64,Hodge and Sons,2023-10-04
609,Synchronized uniform conglomeration Leader,Electronics,20.41,9.91,Coleman Inc,2023-10-26
610,Proactive next generation middleware Interview,Automotive,8.55,3.93,"Woodward, Kelly and Lee",2024-01-26
611,Mandatory local application Likely,Toys,19.28,12.43,Cantrell PLC,2024-07-17
612,Fully-configurable secondary moratorium West,Sports,16.76,7.25,"Cole, Barker and White",2023-10-07
613,Multi-layered empowering initiative About,Books,19.35,7.81,Simon Ltd,2024-11-13
614,User-friendly value-added system engine Here,Beauty,10.59,6.33,Beck Group,2023-10-28
615,Distributed attitude-oriented knowledgebase Understand,Clothing,6.11,2.71,Cole-Robinson,2024-07-03
616,Expanded client-driven architecture Energy,Electronics,3.76,2.4,King LLC,2024-06-13
617,Extended 24hour productivity Go,Electronics,18.08,7.8,"Sanchez, Reyes and Sanford",2024-07-24
618,Profound leadingedge software Opportunity,Home & Garden,14.23,8.26,Thomas-Perez,2024-02-03
619,Reduced composite website Production,Electronics,11.7,3.72,Gillespie LLC,2024-01-09
620,Profound multi-tasking access Community,Beauty,57.86,26.28,"Bell, Robinson and Owens",2025-04-24
621,Universal zero-defect service-desk Yes,Sports,10.1,4.42,"Evans, Webb and Mcdonald",2023-12-06
622,Diverse optimizing protocol Technology,Sports,62.39,39.1,Robinson-Marks,2023-11-19
623,Monitored full-range time-frame Society,Sports,73.63,50.57,"Best, Flores and Herrera",2025-02-13
624,Proactive hybrid process improvement Something,Automotive,4.22,2.04,"Thomas, Khan and Jordan",2025-03-11
625,Extended analyzing migration Necessary,Books,21.63,13.63,Evans-Cochran,2024-12-29
626,Public-key didactic methodology Teach,Books,14.59,8.46,Gates-Kerr,2024-08-07
627,Synergized 5thgeneration intranet Piece,Automotive,1.96,1.35,"Huerta, Reed and Walsh",2025-01-03
628,Upgradable optimal success Authority,Electronics,6.32,3.95,"Hudson, Robinson and Johnson",2025-04-06
629,Team-oriented systematic policy Step,Toys,37.34,12.36,Marquez PLC,2025-07-27
630,Up-sized 24/7 instruction set Care,Books,101.02,59.13,Key-Galvan,2024-07-30
631,Ergonomic systemic protocol Range,Toys,41.35,21.26,Caldwell-Rhodes,2024-05-14
632,Configurable grid-enabled support Father,Toys,26.02,7.98,"Collins, Lin and Blackburn",2024-11-18
633,Face-to-face zero administration function Finally,Books,19.75,7.91,"Dickerson, Gonzalez and Patel",2024-03-20
634,Secured attitude-oriented open system The,Automotive,77.18,51.61,Wilson-Smith,2025-05-09
635,Pre-emptive fault-tolerant knowledgebase About,Home & Garden,112.01,75.09,Johnson-Foster,2023-10-09
636,Sharable needs-based forecast Number,Books,12.56,7.78,Spears LLC,2024-04-05
637,User-friendly hybrid matrix Capital,Clothing,4.06,2.81,Cox-Davis,2024-03-11
638,Customizable tertiary intranet Somebody,Automotive,3.75,2.33,Galvan-Drake,2024-08-29
639,Visionary cohesive frame Poor,Clothing,57.83,17.59,"Gardner, Hart and Morales",2024-08-24
640,Progressive responsive functionalities Them,Toys,19.34,8.03,"Salas, Blackwell and Miller",2025-03-12
641,Reduced homogeneous encoding Establish,Clothing,23.26,7.26,"Rose, Johnson and Freeman",2024-01-03
642,Exclusive interactive hub Then,Electronics,4.79,1.62,"Shaw, Bass and Watkins",2023-09-05
643,Up-sized actuating pricing structure Enough,Sports,11.0,4.26,Colon Ltd,2025-04-05
644,Customer-focused intangible circuit Program,Home & Garden,15.86,7.95,Khan PLC,2024-03-22
645,Total zero-defect solution Sport,Electronics,23.72,15.16,May LLC,2024-05-09
646,Object-based logistical conglomeration Exactly,Sports,14.6,9.41,Jackson-Marks,2024-02-09
647,Advanced motivating portal Hundred,Home & Garden,8.76,4.79,Brown Inc,2025-07-10
648,Diverse next generation secured line Mind,Toys,10.72,7.2,Fowler-Madden,2024-02-07
649,Centralized attitude-oriented structure Employee,Home & Garden,52.81,26.41,Powell Group,2024-07-26
650,Digitized bandwidth-monitored hub Two,Home & Garden,24.43,16.02,Bishop-Cooper,2025-03-08
651,Object-based interactive knowledge user Assume,Clothing,32.78,15.79,Cook and Sons,2025-04-19
652,Cloned systematic process improvement Ball,Clothing,9.79,4.02,Walter-Cobb,2024-06-13
653,Profound maximized capability Majority,Clothing,1.89,1.26,"Mays, Jones and Weiss",2024-11-17
654,Customizable 24hour flexibility Stock,Home & Garden,13.22,6.02,Page-Miller,2025-04-18
655,Managed transitional pricing structure Page,Beauty,10.04,5.03,"Smith, Anderson and Wright",2024-08-06
656,Right-sized cohesive structure Voice,Automotive,26.55,11.46,Mccarthy-Johnson,2024-11-24
657,Balanced methodical workforce Bar,Home & Garden,278.27,157.26,"Wells, Wright and Peterson",2023-11-04
658,Programmable real-time neural-net World,Automotive,35.03,24.45,Diaz-Decker,2025-02-08
659,Synchronized 3rdgeneration collaboration Consider,Automotive,179.25,55.6,Mays and Sons,2024-07-21
660,Configurable dynamic benchmark One,Clothing,31.66,20.89,Roman and Sons,2023-12-02
661,Reduced secondary infrastructure Alone,Home & Garden,12.13,3.66,Hicks-Elliott,2024-08-09
662,Intuitive 5thgeneration core Why,Clothing,26.53,11.82,"Brown, Ortiz and King",2024-06-22
663,Integrated human-resource benchmark Trip,Clothing,83.47,30.67,Mcknight Inc,2023-12-12
664,Sharable background leverage Economy,Clothing,86.8,52.33,Taylor-Landry,2025-04-24
665,Implemented background matrices Way,Toys,12.68,4.06,"Brown, Valdez and Pittman",2025-05-10
666,Triple-buffered eco-centric array Family,Toys,24.6,12.83,Clark-Hess,2024-03-17
667,Open-source grid-enabled hierarchy First,Beauty,6.4,2.68,Warren Group,2024-02-24
668,Inverse attitude-oriented workforce Cover,Sports,38.85,13.73,"Gibson, Smith and Jones",2024-11-07
669,Fully-configurable demand-driven Graphical User Interface Himself,Automotive,69.59,42.36,"Simpson, Ayers and Clark",2024-06-30
670,Reverse-engineered asynchronous instruction set Student,Home & Garden,20.74,8.03,Fleming LLC,2025-01-10
671,Versatile exuding synergy President,Electronics,11.78,4.59,Ward-Lopez,2025-07-21
672,Cross-group grid-enabled projection Item,Clothing,26.79,10.98,"Rodriguez, Compton and Hernandez",2023-09-25
673,Open-architected content-based algorithm Road,Beauty,28.05,15.0,Barrera-Smith,2025-03-25
674,Exclusive homogeneous customer loyalty Early,Electronics,21.43,12.08,"Carpenter, Lee and Morrow",2024-06-24
675,Profound incremental structure Foot,Toys,23.17,7.11,Howard Inc,2024-02-05
676,Profound impactful groupware After,Sports,17.48,6.94,Ramirez-Smith,2023-09-16
677,Business-focused local frame Everybody,Home & Garden,44.56,21.05,King-Dyer,2023-09-16
678,Expanded fresh-thinking conglomeration Way,Automotive,36.2,15.67,Santos Ltd,2024-08-13
679,Intuitive solution-oriented ability Attack,Automotive,9.15,5.98,Holt-Soto,2024-11-17
680,Re-contextualized background installation History,Toys,8.95,5.5,Lee-Kelley,2024-10-03
681,Focused hybrid firmware Main,Beauty,16.39,9.02,Lopez LLC,2023-12-30
682,Ameliorated hybrid projection Learn,Clothing,36.21,15.76,Conway-Bender,2024-01-26
683,Seamless interactive workforce Process,Clothing,22.61,13.12,"Campbell, Santos and Osborne",2025-02-18
684,Vision-oriented systematic matrices Mention,Automotive,12.01,7.66,Norman Group,2024-02-01
685,Profit-focused responsive attitude Term,Clothing,24.76,13.32,"Horn, Daniel and Reed",2024-12-26
686,Expanded empowering architecture For,Automotive,15.42,9.46,"Hill, Nichols and Brown",2025-04-08
687,Mandatory coherent focus group Yourself,Beauty,40.63,24.36,Martin Ltd,2025-05-18
688,Grass-roots neutral Internet solution Face,Toys,26.22,13.86,Krause-Parks,2025-03-04
689,Visionary optimal architecture Reveal,Electronics,15.61,6.63,Davis Inc,2024-10-22
690,Intuitive didactic hardware Whose,Sports,24.17,14.46,Todd-Sawyer,2024-11-11
691,Assimilated object-oriented adapter Relate,Home & Garden,57.51,22.01,Rogers Group,2025-06-27
692,Fundamental dedicated hardware Simple,Automotive,12.73,7.79,"Lee, Acosta and Roth",2023-10-16
693,Versatile asynchronous model Factor,Sports,27.72,17.24,Barrera-Bell,2024-08-20
694,Balanced homogeneous database Piece,Toys,18.98,11.94,Joseph PLC,2024-09-09
695,Distributed radical structure Even,Clothing,28.26,13.82,Sullivan Group,2024-09-02
696,Sharable upward-trending initiative Himself,Sports,11.9,4.49,Davidson-Jones,2025-03-26
697,Cross-platform zero-defect database Check,Electronics,21.94,7.46,Rosales PLC,2024-01-23
698,Persevering attitude-oriented application Already,Books,48.73,29.11,Smith and Sons,2025-01-14
699,Innovative regional projection Pass,Toys,9.49,6.21,"Hill, Gonzalez and Barber",2024-12-17
700,Customer-focused context-sensitive interface Space,Books,6.93,3.88,Smith Ltd,2024-05-27
701,Vision-oriented even-keeled system engine Eat,Home & Garden,7.15,2.56,"Scott, Rivera and Hutchinson",2025-06-18
702,Programmable empowering system engine Marriage,Home & Garden,7.87,5.3,Bright-Lopez,2024-07-08
703,Universal 4thgeneration superstructure Poor,Sports,32.34,22.5,Stevens and Sons,2024-02-05
704,Realigned bandwidth-monitored orchestration Suddenly,Home & Garden,6.52,3.09,Clark-Scott,2024-12-13
705,Diverse secondary adapter Him,Toys,15.83,8.52,Martinez-Collins,2024-01-08
706,Business-focused real-time attitude Identify,Beauty,32.94,20.12,"Barnes, Montgomery and Hicks",2023-10-14
707,Extended disintermediate open system Require,Automotive,28.03,16.67,"Santos, Bentley and Lee",2023-11-10
708,User-centric coherent protocol Either,Electronics,14.75,10.13,Hurst and Sons,2024-09-12
709,Object-based clear-thinking functionalities Pass,Clothing,23.4,8.1,Johnson-Krueger,2024-08-04
710,Face-to-face client-driven neural-net Later,Clothing,21.88,11.65,West Group,2024-10-21
711,Multi-lateral mobile synergy Stock,Automotive,16.79,9.68,Curtis-Bowman,2025-07-15
712,Decentralized bifurcated solution Travel,Sports,16.97,11.13,Lee PLC,2025-03-25
713,Robust composite strategy Finally,Clothing,120.1,78.02,Vasquez-Rodriguez,2023-11-06
714,Re-engineered value-added benchmark Challenge,Sports,38.38,26.53,Eaton-Morgan,2025-03-16
715,Profound zero administration synergy Where,Automotive,146.13,73.77,Hobbs-Joseph,2024-06-11
716,Visionary didactic ability Usually,Home & Garden,13.5,8.54,"Rogers, Martin and Kramer",2023-12-06
717,Assimilated interactive conglomeration Truth,Automotive,18.77,8.84,"Beasley, Contreras and Werner",2024-06-10
718,Front-line well-modulated monitoring Budget,Home & Garden,6.92,3.24,Johnson LLC,2024-12-29
719,Profound didactic projection Prevent,Beauty,10.51,4.22,Walters and Sons,2025-06-16
720,Down-sized encompassing hierarchy Business,Beauty,91.98,57.7,"Arellano, Anderson and Noble",2024-11-05
721,Operative modular orchestration Behind,Electronics,13.23,9.19,Lopez Ltd,2024-09-29
722,Proactive local initiative Can,Automotive,93.26,37.54,"Mendoza, Clark and Turner",2024-08-22
723,Synergized transitional orchestration Leave,Clothing,7.43,2.4,Howard Inc,2024-07-23
724,Advanced mobile process improvement Take,Toys,8.65,5.42,Martinez LLC,2024-02-04
725,Configurable bandwidth-monitored leverage Chance,Beauty,15.29,8.38,"Luna, Allen and Gonzalez",2024-04-29
726,Seamless coherent encoding Drive,Automotive,19.09,13.06,Perry-Ramirez,2025-03-14
727,Triple-buffered fresh-thinking open system Can,Electronics,42.03,16.85,Russell LLC,2025-01-21
728,Fully-configurable upward-trending database High,Books,28.81,9.46,"Brooks, Dean and Torres",2023-11-16
729,Expanded attitude-oriented hub End,Beauty,14.4,7.16,Obrien Group,2025-08-08
730,Multi-channeled intermediate concept Seek,Electronics,18.05,6.03,"Neal, Morris and Benson",2023-09-24
731,Versatile needs-based knowledgebase Serve,Sports,15.56,6.3,Mckinney LLC,2024-05-18
732,Devolved transitional function Health,Sports,9.66,3.38,Solis-Swanson,2025-06-04
733,Total scalable adapter Spend,Electronics,9.87,3.85,Horton PLC,2025-01-31
734,Future-proofed transitional solution Ahead,Home & Garden,45.71,15.65,Jimenez-Lee,2025-04-27
735,Re-engineered eco-centric benchmark Exactly,Books,4.65,3.17,Perkins-Savage,2025-05-10
736,Organized static methodology Believe,Electronics,73.25,30.14,Weaver Inc,2024-12-25
737,Versatile interactive neural-net Company,Beauty,15.27,7.29,"Holland, Fox and Long",2024-12-15
738,Public-key static pricing structure Nothing,Home & Garden,10.83,7.14,Clements-Ross,2024-08-11
739,Enhanced asynchronous monitoring Rather,Electronics,36.3,20.72,Li and Sons,2024-01-29
740,De-engineered explicit forecast Imagine,Clothing,65.9,36.06,"Cochran, Morrison and Davis",2024-04-06
741,Reactive cohesive attitude Instead,Beauty,49.11,28.59,Dennis-Gray,2024-04-07
742,Ergonomic homogeneous capacity Piece,Beauty,30.01,18.95,Phillips Group,2025-04-15
743,Pre-emptive 24hour data-warehouse Necessary,Sports,47.92,31.2,Smith-Kelly,2025-07-16
744,Optional secondary forecast Quickly,Clothing,5.09,2.84,Estrada-Wilson,2024-07-02
745,Total stable productivity Quality,Clothing,13.23,8.68,"Frederick, Green and Johnson",2024-09-27
746,Organic discrete circuit Sense,Automotive,9.69,4.98,Watson-Nelson,2024-05-10
747,Diverse didactic challenge Certainly,Automotive,53.5,21.98,Sanders-Davis,2025-05-04
748,Function-based cohesive Internet solution Decision,Beauty,14.78,9.64,Hebert Group,2023-08-19
749,Organized next generation success Difficult,Books,39.5,20.41,Sutton-Lang,2023-09-15
750,Object-based multimedia synergy Bar,Toys,30.84,20.43,"Hill, Harper and Smith",2024-12-11
751,Diverse global extranet Body,Automotive,10.08,3.19,Lara-Bailey,2024-04-02
752,Implemented global challenge World,Home & Garden,12.56,5.77,Palmer LLC,2024-07-31
753,Programmable zero-defect matrix Yeah,Sports,56.55,38.4,Gutierrez-Underwood,2024-12-08
754,Quality-focused even-keeled matrices Hand,Clothing,10.8,4.32,Walker Ltd,2025-01-24
755,Seamless 24hour focus group Evening,Sports,22.2,15.02,"Nguyen, Singleton and Rodriguez",2024-03-07
756,Persistent executive standardization Believe,Beauty,10.74,7.32,"Patel, Moore and Cisneros",2024-08-06
757,Organic interactive function Difficult,Home & Garden,15.62,10.2,Singleton PLC,2025-03-28
758,Future-proofed encompassing archive About,Electronics,19.36,10.17,Tucker-Johnson,2025-01-16
759,Monitored logistical parallelism Firm,Clothing,10.74,6.0,"Simmons, Ortiz and Stevenson",2025-04-01
760,Synchronized upward-trending alliance Imagine,Home & Garden,9.32,6.04,Santiago-Reynolds,2025-06-24
761,Team-oriented fresh-thinking contingency Someone,Toys,25.25,15.41,Nelson PLC,2024-11-20
762,Monitored didactic conglomeration Particular,Sports,10.22,5.64,"Robinson, Ayala and Evans",2023-12-23
763,Fully-configurable responsive capacity Executive,Beauty,10.5,7.28,Collins Group,2024-11-14
764,Innovative encompassing protocol Note,Home & Garden,9.48,5.44,"Bridges, Perkins and Rodgers",2024-02-15
765,Versatile discrete focus group Short,Electronics,18.87,13.02,Hicks and Sons,2025-06-10
766,Multi-layered bottom-line orchestration People,Automotive,42.73,13.8,Chambers-Abbott,2025-01-01
767,Multi-layered foreground ability Some,Automotive,67.04,23.84,Aguirre Ltd,2024-06-22
768,Reactive solution-oriented standardization Pm,Home & Garden,11.24,5.4,"Walker, Wells and Lewis",2025-04-11
769,Organized mission-critical functionalities Win,Beauty,112.2,50.93,Fowler-Barrett,2025-08-12
770,Fundamental modular challenge Series,Sports,8.99,5.51,"Williams, Michael and Miller",2025-06-07
771,Quality-focused zero tolerance capability Six,Clothing,47.79,17.41,"Miller, Myers and Hopkins",2025-01-04
772,Inverse static knowledge user Ahead,Toys,11.28,7.79,West-Baker,2023-11-03
773,Optimized interactive conglomeration Half,Toys,10.01,4.26,Osborne-West,2024-06-14
774,Universal 24hour benchmark Season,Clothing,11.07,5.22,Bass-Rangel,2025-06-12
775,Optimized context-sensitive contingency Agree,Books,19.26,7.89,Anderson Group,2024-07-02
776,Innovative content-based protocol There,Sports,31.94,16.98,Patel Inc,2025-06-19
777,Organized leadingedge capability Event,Toys,34.33,11.1,Williamson-King,2023-12-15
778,Seamless executive neural-net With,Books,9.44,3.4,Alvarado and Sons,2025-07-23
779,Phased composite forecast National,Books,9.1,5.44,Mullins-Jimenez,2025-03-07
780,Function-based optimal capacity Laugh,Beauty,9.65,3.61,"Miller, Espinoza and Owens",2025-02-13
781,Customizable grid-enabled conglomeration Wish,Beauty,18.37,7.24,Reeves LLC,2024-12-03
782,Programmable web-enabled software Resource,Beauty,16.98,10.48,Cortez PLC,2023-09-18
783,Front-line 24hour Graphic Interface Society,Electronics,9.39,3.17,"Ford, Farley and Smith",2024-10-14
784,Optimized neutral challenge Should,Sports,24.92,11.84,Jones-Brown,2024-07-28
785,Business-focused next generation application Movie,Clothing,122.74,37.95,"Aguilar, Robbins and Wolfe",2024-11-05
786,Enhanced 3rdgeneration success Matter,Sports,13.41,5.88,"Chen, Douglas and Martinez",2025-07-07
787,Stand-alone motivating ability Phone,Beauty,14.2,8.23,Herman LLC,2025-06-30
788,Profit-focused multimedia contingency Congress,Electronics,31.43,10.56,Myers LLC,2023-11-29
789,Automated optimal capacity Heart,Sports,12.84,8.41,Thomas Group,2024-11-02
790,Enhanced responsive budgetary management Above,Sports,34.3,22.77,Johnson-Howard,2024-06-18
791,Stand-alone tertiary website Personal,Books,11.3,3.86,Davenport PLC,2024-10-10
792,Grass-roots zero administration circuit Deal,Sports,86.98,60.56,"Murphy, Kirby and Pham",2025-07-02
793,Sharable grid-enabled service-desk Event,Books,26.46,11.09,"Schneider, Stout and Santos",2024-06-10
794,Pre-emptive non-volatile artificial intelligence Development,Books,12.23,4.08,Hansen Inc,2024-02-14
795,Business-focused upward-trending complexity Might,Home & Garden,12.54,3.79,"Young, Chavez and Hill",2025-01-01
796,Vision-oriented optimal capacity People,Beauty,13.32,6.17,Hawkins Inc,2025-05-05
797,Reduced 24/7 concept Forward,Toys,60.23,33.24,Johnson Ltd,2025-07-03
798,Cross-group 3rdgeneration access Stuff,Electronics,7.28,3.15,"Mcfarland, Scott and Johnson",2024-07-14
799,Synergistic composite concept Measure,Books,11.77,7.47,Small and Sons,2025-03-08
800,Right-sized next generation website Century,Sports,12.82,7.52,"Sims, Green and Pena",2025-03-18
801,Multi-lateral maximized orchestration Strategy,Books,19.84,8.73,"Barber, Sosa and Ellis",2024-09-01
802,Re-engineered multimedia moderator End,Books,16.17,9.6,Ross and Sons,2024-08-03
803,Managed zero tolerance pricing structure Rock,Books,6.09,4.12,Pearson Inc,2025-05-21
804,User-centric static extranet Without,Clothing,14.59,4.92,"Jones, Spencer and Kim",2024-07-15
805,Extended composite Internet solution Strategy,Toys,18.55,7.84,Adams Ltd,2024-02-13
806,Automated discrete conglomeration Though,Toys,12.15,5.9,Mclaughlin LLC,2024-12-14
807,Down-sized exuding application Ok,Clothing,34.79,17.37,"Cole, Smith and Lewis",2024-06-04
808,Adaptive solution-oriented Local Area Network Material,Clothing,41.91,21.66,Lambert-Greer,2024-06-12
809,Stand-alone 5thgeneration access Early,Clothing,18.86,7.93,Nelson-Reese,2024-02-12
810,Polarized zero administration monitoring Body,Toys,24.15,13.69,"Moore, Phelps and Carroll",2025-06-18
811,Pre-emptive bi-directional toolset Hand,Home & Garden,3.56,1.99,"Ramirez, Patel and Lozano",2024-06-02
812,Business-focused homogeneous moratorium Generation,Books,14.34,7.62,Gould-Bates,2023-11-25
813,Digitized explicit implementation Add,Home & Garden,44.87,15.5,"Robbins, Barnes and Church",2024-08-21
814,Profit-focused multimedia open architecture Style,Sports,14.31,7.02,"Benson, Campbell and Ewing",2024-02-19
815,Reduced holistic orchestration Color,Toys,11.14,4.93,Hernandez LLC,2024-06-26
816,Synergistic actuating moratorium General,Beauty,124.23,61.67,"Gray, Bell and Jacobson",2023-08-26
817,Customizable heuristic artificial intelligence Statement,Toys,86.08,57.57,Todd Inc,2023-09-01
818,Enterprise-wide client-driven project Trade,Electronics,29.2,14.37,"Myers, Marshall and Perez",2025-04-22
819,Profound intangible info-mediaries Answer,Home & Garden,49.96,15.27,Myers Ltd,2025-05-01
820,Ameliorated object-oriented paradigm Price,Clothing,3.38,1.61,James Inc,2024-08-03
821,Universal logistical solution Figure,Automotive,10.7,6.72,Mathis PLC,2024-05-24
822,Re-engineered even-keeled budgetary management Board,Clothing,13.79,8.44,"Wells, Zimmerman and Harrison",2024-05-29
823,Vision-oriented leadingedge budgetary management Hour,Sports,16.63,8.4,Martin-Oliver,2023-08-26
824,Reduced analyzing encoding Into,Books,13.57,5.43,Jimenez-Brooks,2024-03-04
825,Implemented motivating success Middle,Electronics,2.61,1.27,Gordon-Maynard,2023-08-25
826,Fully-configurable methodical capacity Same,Home & Garden,27.35,14.37,"Owen, Carroll and Scott",2025-01-04
827,Monitored reciprocal service-desk Suddenly,Books,31.03,21.72,Adams PLC,2024-10-25
828,Switchable zero-defect adapter Somebody,Books,72.35,40.35,"Ramirez, Sanchez and Ballard",2024-03-19
829,Customer-focused client-server functionalities Play,Beauty,10.69,6.18,"Berg, Mccoy and Sullivan",2023-11-14
830,Re-engineered interactive middleware Family,Beauty,10.01,4.97,Martinez Group,2025-02-18
831,Programmable system-worthy database Exist,Home & Garden,2.35,1.04,"Morgan, Hardin and Gutierrez",2024-01-17
832,Virtual discrete standardization Central,Home & Garden,15.88,9.93,Rose-Cook,2024-09-17
833,Re-contextualized systemic solution Letter,Home & Garden,41.3,20.57,"Taylor, Montgomery and Miranda",2024-02-13
834,Quality-focused stable interface Production,Home & Garden,12.31,8.59,Austin Inc,2025-04-15
835,Pre-emptive asynchronous groupware Forget,Clothing,111.58,53.88,May Inc,2024-09-09
836,Switchable contextually-based workforce Test,Toys,16.36,5.35,"Duncan, Clark and Gray",2024-11-05
837,Upgradable non-volatile solution Sound,Toys,22.59,12.94,Wright PLC,2023-09-26
838,Mandatory systematic process improvement Wind,Books,6.75,2.15,"Singh, Joyce and Chen",2023-11-01
839,Right-sized well-modulated Graphic Interface Suggest,Toys,25.27,10.11,"Gonzales, May and Vang",2023-10-08
840,Pre-emptive attitude-oriented toolset Party,Automotive,4.12,1.82,Dillon Ltd,2024-08-08
841,Innovative leadingedge secured line True,Books,34.99,20.85,Hancock PLC,2024-04-20
842,Streamlined modular application Another,Clothing,35.86,17.85,Cole PLC,2025-07-29
843,Persistent background policy Task,Automotive,59.59,18.56,Craig Group,2023-12-11
844,Configurable user-facing project Sea,Toys,8.88,4.86,Mcdonald PLC,2025-04-25
845,User-friendly actuating emulation Hit,Books,22.84,10.61,Morris-Beard,2024-10-13
846,Ergonomic directional initiative Teacher,Home & Garden,31.53,21.09,Bryant Group,2024-12-31
847,Face-to-face grid-enabled process improvement Church,Electronics,28.61,14.3,Vaughn Inc,2023-11-27
848,Customizable responsive leverage Country,Toys,10.05,5.87,Copeland-Morgan,2023-08-21
849,Exclusive encompassing access Ground,Automotive,2.96,1.15,Gray-Hamilton,2025-05-08
850,Versatile responsive array Hotel,Beauty,26.51,16.02,Vaughn Ltd,2025-07-11
851,Inverse national success Word,Automotive,17.78,10.46,Myers Ltd,2024-12-28
852,Quality-focused secondary Internet solution Kitchen,Automotive,12.76,8.44,"Contreras, Wilson and Hendricks",2024-08-16
853,Fully-configurable bifurcated protocol Range,Beauty,37.01,11.6,Hogan and Sons,2024-11-23
854,Future-proofed static definition Number,Books,19.38,9.28,Clark Inc,2023-08-27
855,Persistent analyzing implementation Break,Electronics,6.99,4.0,Donaldson-White,2024-09-07
856,Cloned global framework Child,Beauty,4.28,1.45,Hall PLC,2024-08-27
857,Customizable bifurcated standardization Nearly,Toys,8.14,3.78,"Bonilla, Duncan and Briggs",2025-06-10
858,Virtual motivating process improvement Sure,Electronics,136.24,92.22,Turner PLC,2024-12-28
859,Mandatory reciprocal extranet Picture,Automotive,35.81,16.99,Hart-Moran,2025-08-01
860,Triple-buffered bifurcated process improvement Choose,Clothing,23.36,16.22,Jimenez Inc,2024-11-11
861,Up-sized tertiary info-mediaries Gas,Sports,17.37,5.61,Thompson and Sons,2025-01-09
862,Synchronized optimal groupware Buy,Books,16.48,9.68,Ingram-Bass,2024-09-11
863,Phased demand-driven emulation Indeed,Clothing,51.1,27.21,"Cain, Garner and Singh",2025-03-04
864,Streamlined human-resource interface Focus,Clothing,13.57,6.79,"Ruiz, Doyle and Harper",2025-03-03
865,Reactive bottom-line focus group Dog,Electronics,31.87,21.94,White and Sons,2024-10-08
866,Cross-group didactic toolset Little,Books,15.2,5.35,"Wall, Oliver and Montgomery",2025-01-27
867,Fundamental 3rdgeneration task-force Size,Clothing,94.83,62.44,Jones and Sons,2024-06-25
868,Adaptive tangible array Our,Home & Garden,36.37,20.97,Smith-Mitchell,2023-11-22
869,Quality-focused analyzing budgetary management That,Clothing,54.4,21.96,Khan-Reeves,2025-07-30
870,Customer-focused 24hour installation End,Home & Garden,12.58,8.31,"Tran, Morris and Bradshaw",2024-09-22
871,Realigned composite contingency Eye,Sports,46.83,22.09,Mccarthy-Guzman,2023-12-31
872,Future-proofed disintermediate complexity If,Home & Garden,15.64,9.79,Schaefer Inc,2024-06-03
873,Monitored zero administration firmware Wide,Home & Garden,21.93,9.99,Munoz PLC,2024-07-04
874,Re-contextualized upward-trending functionalities Be,Electronics,74.29,47.57,Gonzalez Group,2025-02-16
875,Synchronized multimedia portal Process,Clothing,8.72,4.84,"Henderson, Collins and Allen",2023-10-10
876,Switchable motivating capability Quality,Sports,23.63,8.42,Mejia PLC,2024-07-04
877,Reduced mobile middleware Ready,Clothing,28.51,15.96,Miller PLC,2024-07-14
878,Switchable full-range Graphic Interface Attention,Toys,30.45,11.47,Watts Ltd,2024-03-07
879,Organized radical budgetary management Half,Toys,14.0,6.51,"Robinson, Wright and Gonzalez",2023-09-18
880,Horizontal disintermediate initiative Particularly,Home & Garden,106.59,39.24,Hardin Ltd,2025-07-07
881,Realigned 6thgeneration project Water,Beauty,7.13,2.2,Burgess-Bass,2023-12-28
882,Extended encompassing hierarchy Play,Home & Garden,64.53,24.83,Blackburn Group,2024-10-19
883,Universal eco-centric monitoring Phone,Clothing,53.09,27.32,Evans Inc,2024-12-27
884,Expanded 4thgeneration forecast Practice,Automotive,91.9,45.27,Porter-Gutierrez,2023-08-20
885,Future-proofed actuating moderator Any,Sports,5.64,2.82,"Roberts, Diaz and Barrera",2023-11-27
886,Robust asymmetric alliance Accept,Beauty,10.02,4.0,Escobar Ltd,2025-07-09
887,Operative optimizing Graphic Interface Institution,Sports,66.26,38.04,Herrera-Wagner,2025-08-03
888,Seamless needs-based array Player,Electronics,4.47,2.6,"Jones, Sanders and Sosa",2024-10-26
889,Public-key tangible data-warehouse Cup,Home & Garden,5.56,2.46,"Roberts, Villanueva and Lindsey",2023-09-07
890,Ergonomic attitude-oriented infrastructure Many,Home & Garden,13.59,8.87,"Lopez, Galvan and Brown",2023-12-08
891,Reverse-engineered well-modulated concept Improve,Toys,23.42,13.06,"Henry, Wagner and Joseph",2023-12-28
892,Networked executive adapter Sound,Electronics,71.79,42.01,Reeves-Mills,2025-07-21
893,Total disintermediate strategy Anything,Toys,17.32,7.12,"Clark, Banks and Williams",2024-01-04
894,Organized grid-enabled ability Great,Clothing,12.35,3.71,Forbes PLC,2025-01-26
895,Re-contextualized object-oriented open system Agreement,Home & Garden,25.77,16.65,"Leon, Barker and Sellers",2024-04-07
896,Streamlined intermediate focus group Against,Clothing,29.24,18.39,Moore-Hernandez,2024-04-02
897,Programmable bifurcated approach How,Sports,28.59,9.99,Valdez Ltd,2025-06-01
898,Organized bifurcated approach Parent,Beauty,17.42,7.83,Evans-Yang,2024-06-14
899,Customer-focused leadingedge process improvement How,Beauty,4.2,2.37,"Young, Johnson and Weber",2024-07-19
900,Multi-layered bandwidth-monitored adapter Summer,Beauty,9.64,5.41,Adams-Smith,2023-10-21
901,Inverse real-time complexity Themselves,Toys,62.57,40.3,"Harris, Gill and Adams",2025-02-09
902,Assimilated needs-based implementation Get,Books,23.33,8.31,Morgan Group,2024-07-03
903,Extended uniform methodology Figure,Electronics,15.52,7.33,Taylor-George,2024-04-27
904,Reduced encompassing help-desk Rock,Beauty,49.13,16.65,Davis-Crawford,2023-10-28
905,Multi-channeled transitional monitoring Deal,Home & Garden,8.13,3.71,Dunn-Alvarez,2024-08-19
906,Right-sized content-based artificial intelligence Network,Electronics,16.77,5.13,Williams-Lewis,2025-02-10
907,Multi-lateral upward-trending Internet solution Image,Sports,22.43,14.79,Hunter Ltd,2025-05-21
908,Upgradable transitional groupware Establish,Sports,14.11,7.21,Miller PLC,2024-05-23
909,Re-contextualized dynamic extranet Why,Toys,21.77,13.93,Brooks Inc,2024-10-27
910,Persistent multimedia benchmark Student,Sports,17.29,5.6,"Cline, Smith and Davidson",2024-07-19
911,Digitized zero administration installation Nation,Sports,6.56,2.56,"Watkins, Hammond and Padilla",2024-06-22
912,Reactive multimedia superstructure Capital,Automotive,23.22,9.38,Mcfarland and Sons,2024-06-30
913,Adaptive methodical product Win,Books,6.94,3.16,Mccullough-Johnson,2024-01-07
914,Self-enabling user-facing open architecture Tv,Automotive,22.93,14.24,"Grimes, Bird and Turner",2025-06-07
915,Multi-tiered tertiary product Remain,Clothing,60.3,27.41,Williams-Lawson,2024-06-26
916,Front-line context-sensitive approach Be,Clothing,16.04,6.13,Harris-Brown,2024-05-19
917,Right-sized maximized analyzer Production,Automotive,7.87,2.57,Farmer-Coleman,2024-09-07
918,Extended 3rdgeneration matrix Product,Beauty,18.15,6.02,"Carter, Huang and Bautista",2025-05-11
919,Vision-oriented multi-tasking capability Majority,Books,10.32,6.23,Mcguire-Mcdonald,2023-09-27
920,User-centric interactive capacity Enjoy,Toys,32.32,15.45,Flowers-Mccall,2024-04-06
921,Universal context-sensitive Graphic Interface Government,Clothing,17.84,10.53,"Perry, Norris and Howe",2025-07-22
922,Progressive needs-based budgetary management Become,Automotive,78.87,45.19,"Ferguson, Miles and Hart",2024-02-03
923,Stand-alone user-facing structure They,Toys,50.93,18.04,Martinez-Melton,2024-10-13
924,Secured solution-oriented budgetary management Company,Toys,17.77,6.35,Jackson-Willis,2025-05-10
925,User-centric leadingedge Local Area Network Kid,Sports,35.61,21.44,Mcguire-Payne,2024-10-02
926,Cross-platform high-level attitude Offer,Clothing,14.66,8.63,Brown Inc,2024-01-21
927,Assimilated local middleware Trade,Electronics,20.64,9.31,"Church, Parker and Williams",2024-01-18
928,Future-proofed fault-tolerant capacity Everyone,Beauty,15.04,4.98,Rose and Sons,2025-03-25
929,Networked maximized Internet solution Stay,Clothing,37.08,11.3,Mccall-Reid,2024-11-03
930,Total 3rdgeneration approach Environmental,Electronics,63.21,26.25,Williams LLC,2024-01-01
931,Switchable client-driven website Hair,Home & Garden,38.05,11.56,Wilson Group,2024-01-18
932,Robust leadingedge installation Four,Electronics,41.99,16.46,"Martin, Combs and Kemp",2025-01-22
933,Proactive background contingency Ground,Electronics,42.03,19.66,Clay-Mcclain,2025-03-07
934,Function-based exuding hardware Offer,Sports,31.22,10.88,"Palmer, Galloway and Collins",2024-09-26
935,Innovative leadingedge open system Red,Sports,8.07,2.76,David-Holloway,2024-03-10
936,Multi-channeled background policy Include,Beauty,78.32,51.58,Barnes-Johnson,2023-09-06
937,Cloned eco-centric orchestration Too,Sports,85.07,45.44,Hunter Ltd,2024-12-13
938,Seamless 3rdgeneration architecture Themselves,Electronics,16.66,11.23,"Matthews, Cook and Cooke",2024-11-08
939,Switchable tertiary firmware Ahead,Books,14.93,6.54,Goodman-Smith,2025-02-20
940,Team-oriented optimizing adapter Good,Sports,32.78,18.71,Martinez-Williams,2023-11-17
941,Innovative secondary framework Foreign,Sports,31.21,11.92,Mendoza-Franco,2024-01-10
942,Re-engineered interactive concept Range,Automotive,17.09,9.35,"Poole, Hansen and Short",2025-04-10
943,User-friendly holistic circuit Them,Electronics,7.39,2.6,Mcfarland-Hughes,2024-06-20
944,Customizable intangible hardware Employee,Home & Garden,25.65,7.72,Martin Ltd,2025-07-09
945,Reactive reciprocal knowledgebase Technology,Home & Garden,31.22,21.0,"Salas, Phillips and Hall",2024-11-25
946,Vision-oriented user-facing data-warehouse Study,Automotive,35.9,18.74,"Lee, Arnold and Brown",2023-10-17
947,Reduced systematic application Lot,Clothing,26.56,17.82,Vega Inc,2024-08-05
948,Open-architected human-resource synergy Interest,Beauty,16.17,7.01,Lewis Ltd,2024-06-27
949,Pre-emptive heuristic standardization Civil,Home & Garden,44.49,19.18,Smith-Thomas,2025-04-04
950,Function-based secondary framework Court,Sports,21.17,9.74,Stewart and Sons,2024-03-02
951,Advanced disintermediate benchmark Third,Books,13.85,8.07,Rivera Inc,2024-11-07
952,Visionary fresh-thinking matrices Perform,Clothing,17.38,9.15,Thompson-Collins,2024-10-24
953,Reverse-engineered modular access Interview,Beauty,4.97,3.33,Harmon LLC,2024-05-27
954,Monitored zero tolerance open architecture Attorney,Books,17.36,5.38,Merritt-English,2024-07-30
955,Customer-focused clear-thinking focus group Home,Books,34.84,20.32,"Harris, Romero and Long",2024-07-28
956,Versatile analyzing utilization Material,Sports,26.36,11.39,Baker Group,2025-07-02
957,Organic neutral emulation Least,Electronics,67.8,25.23,Collins LLC,2024-04-04
958,Face-to-face fresh-thinking analyzer Republican,Electronics,16.27,8.2,Robinson-Reeves,2023-12-26
959,Secured intangible support Much,Electronics,29.66,14.89,"Kent, Espinoza and Holland",2024-07-28
960,Business-focused bi-directional open system Chair,Home & Garden,37.87,13.44,"Armstrong, Pittman and Summers",2024-01-27
961,Digitized logistical capability South,Electronics,130.88,49.83,"Stewart, Daniel and Curtis",2025-05-30
962,Vision-oriented intangible instruction set Congress,Beauty,22.55,10.45,"Phillips, Hall and Mayo",2024-04-18
963,Expanded real-time project Drop,Automotive,8.71,4.04,Nelson Inc,2024-11-01
964,Multi-channeled contextually-based instruction set Ability,Sports,39.58,16.9,Mccullough Inc,2024-10-20
965,Configurable maximized product Line,Automotive,89.35,32.11,"Ortega, Hull and Morgan",2024-03-08
966,Enhanced intangible Graphical User Interface Government,Home & Garden,15.52,4.68,Mason LLC,2023-09-29
967,Profit-focused asymmetric database Care,Beauty,39.36,27.08,"Palmer, Bailey and Cooper",2025-01-26
968,Optional bandwidth-monitored core Government,Electronics,53.68,36.36,Martinez-Hernandez,2025-01-28
969,Streamlined empowering challenge Thank,Beauty,45.32,22.36,"Alvarado, Gross and Carlson",2025-01-27
970,Organized 24hour artificial intelligence Remain,Automotive,22.21,15.5,"Hill, Brown and Hudson",2025-07-08
971,Reactive clear-thinking data-warehouse Degree,Books,11.49,6.54,Ayala-Ramos,2025-06-30
972,Stand-alone zero-defect capacity Quickly,Sports,18.82,6.16,Allen Inc,2024-08-06
973,Self-enabling analyzing application Compare,Sports,28.99,10.06,Olsen PLC,2023-09-07
974,Inverse systemic definition Animal,Automotive,41.54,27.68,Terry Group,2025-03-01
975,Grass-roots uniform initiative Market,Beauty,26.24,14.49,"Heath, Gomez and Powell",2025-05-10
976,Upgradable fault-tolerant adapter Statement,Clothing,14.82,9.44,"Peterson, Sandoval and Foley",2025-08-08
977,Persevering bandwidth-monitored moratorium Window,Automotive,31.32,20.65,Smith PLC,2024-04-24
978,Visionary transitional utilization Hotel,Sports,39.97,19.15,Brooks PLC,2024-04-06
979,Face-to-face discrete budgetary management Soon,Books,27.21,8.69,"Phillips, Crawford and Montoya",2024-08-15
980,Compatible global initiative Find,Automotive,10.29,3.86,"Ray, Dominguez and Cole",2023-12-15
981,Total motivating definition Game,Automotive,17.37,5.67,Jones-Garrison,2023-09-24
982,Operative context-sensitive support One,Sports,42.87,16.1,"Ramirez, Nguyen and Payne",2025-03-24
983,Persevering global core Rich,Automotive,6.64,3.08,"Wood, Hurley and Garcia",2024-12-11
984,Customer-focused zero-defect migration Evening,Clothing,3.76,1.31,Wilson-Jackson,2023-11-29
985,Quality-focused disintermediate encoding Human,Sports,67.12,24.61,Cross Inc,2024-07-19
986,Horizontal non-volatile collaboration Bring,Toys,30.24,14.46,"Chavez, Conway and Hickman",2024-03-13
987,Monitored coherent strategy Truth,Sports,32.63,14.23,Smith-Cole,2025-06-06
988,Reverse-engineered intangible extranet Himself,Clothing,8.49,4.14,Kramer-Solis,2025-06-27
989,Programmable maximized system engine At,Toys,36.23,17.09,"Fisher, Brown and Fitzgerald",2024-06-14
990,Multi-tiered human-resource core Rate,Toys,25.03,13.96,"Hardy, Oconnor and Rowe",2025-02-02
991,Seamless demand-driven structure Anyone,Sports,5.65,3.81,Trujillo-Parker,2024-04-28
992,Expanded clear-thinking complexity Big,Automotive,62.77,21.54,"Barber, Jordan and Thompson",2025-05-05
993,Optional well-modulated neural-net Sell,Beauty,22.8,7.75,Howard-Santos,2023-12-06
994,Profound 6thgeneration Local Area Network About,Home & Garden,14.63,9.38,Atkinson Group,2024-11-16
995,Cross-platform multimedia collaboration True,Toys,14.84,7.46,Harris-Snyder,2024-07-03
996,Configurable tangible groupware Great,Beauty,4.01,2.43,Anderson-Joyce,2024-08-08
997,Pre-emptive empowering workforce Than,Sports,32.29,12.47,"Bennett, Flynn and Mcconnell",2025-02-24
998,Synergistic background challenge Yourself,Electronics,24.77,15.64,Scott Inc,2024-11-21
999,Versatile holistic attitude Could,Electronics,17.2,11.52,"Lambert, Johnson and Edwards",2025-05-17
1000,Customer-focused needs-based moratorium Cut,Home & Garden,55.86,30.96,Snyder Ltd,2024-02-29
